val_loss,val_accuracy,loss,accuracy
0.6219226648410161,0.8066666722297668,0.6772932993041144,0.75555557
0.6550586165984472,0.753333330154419,0.6600605448087057,0.7722222
0.6363786041736603,0.7799999713897705,0.662477766805225,0.78333336
0.6281002932786941,0.7866666913032532,0.6565101544062296,0.8111111
0.6309593703349431,0.7866666913032532,0.6539321660995483,0.78333336
