val_loss,val_accuracy,loss,accuracy
0.6371269349257151,0.7666666507720947,2.571459774971008,0.49333334
0.8556366570790609,0.6466666460037231,2.454396578470866,0.49333334
1.2521211687723797,0.6000000238418579,2.1383434025446575,0.49333334
1.2658797438939413,0.5799999833106995,1.7496943855285645,0.49333334
1.309027188618978,0.5600000023841858,1.6683316707611084,0.5
