val_loss,val_accuracy,loss,accuracy
0.6582821075121562,0.7799999713897705,1.5700664138793945,0.54
0.7036117887496949,0.7266666889190674,1.5185518089930217,0.53333336
0.6897173015276591,0.7799999713897705,1.5066134421030681,0.52666664
0.7074896160761516,0.753333330154419,1.4784734694163004,0.5133333
0.7203089936574301,0.7200000286102295,1.4505035161972046,0.5466667
