val_loss,val_accuracy,loss,accuracy
0.6556953048706055,0.7400000095367432,1.6663819724321365,0.48
0.6651901022593181,0.746666669845581,1.6355492997169494,0.46
0.6713907631238302,0.7733333110809326,1.5998186206817626,0.5
0.7067750064531962,0.746666669845581,1.5731254069010416,0.48666668
0.7069185050328572,0.7333333492279053,1.5418418439229329,0.5133333
