val_loss,val_accuracy,loss,accuracy
0.6457966574033102,0.753333330154419,2.2651440938313803,0.56
0.9022085563341776,0.6733333468437195,2.1687964455286664,0.55333334
1.1757444445292156,0.6200000047683716,1.9096295134226482,0.55333334
1.251485169728597,0.6266666650772095,1.6433972803751629,0.5466667
1.2663307619094848,0.6266666650772095,1.6150961701075237,0.5
