val_loss,val_accuracy,loss,accuracy
0.6724316136042277,0.7066666483879089,2.2599725405375164,0.56
1.0193754100799561,0.6600000262260437,2.138123861948649,0.55333334
1.229142354329427,0.6399999856948853,1.832269271214803,0.54
1.2040924135843913,0.6466666460037231,1.6760456784566244,0.49333334
1.262174121538798,0.6399999856948853,1.6236645936965943,0.52
