val_loss,val_accuracy,loss,accuracy
0.6222119567791621,0.8066666722297668,0.6889591375986736,0.7583333
0.6233798138300578,0.7933333516120911,0.6827464024225871,0.775
0.6299516159296036,0.7866666913032532,0.6748677094777426,0.775
0.6225555056333542,0.7799999713897705,0.6771559079488119,0.76666665
0.6354422056674958,0.7599999904632568,0.659280244509379,0.7916667
