val_loss,val_accuracy,loss,accuracy
0.6373775782187779,0.746666669845581,0.6721865399678548,0.78
0.628075757821401,0.7933333516120911,0.6590324554840724,0.7866667
0.6204905519882838,0.8133333325386047,0.6491617103417714,0.81333333
0.63686243613561,0.7599999904632568,0.6360993973414103,0.8066667
0.6254411051670711,0.800000011920929,0.6416915188233058,0.78
