val_loss,val_accuracy,loss,accuracy
0.631302571495374,0.7933333516120911,0.6740708065032959,0.7733333
0.6314786563316981,0.7666666507720947,0.6569152100880941,0.79333335
0.6247311526536942,0.7933333516120911,0.6533509786923727,0.79333335
0.6206891043980917,0.7933333516120911,0.6486581309636434,0.8066667
0.6236009776592255,0.7866666913032532,0.6423850186665853,0.7866667
