val_loss,val_accuracy,loss,accuracy
0.6580250118176142,0.746666669845581,0.6725245896975199,0.78
0.6275474345684051,0.7599999904632568,0.6572917127609252,0.8066667
0.6334179725249608,0.7733333110809326,0.6593044583002726,0.8
0.6192133696873983,0.8066666722297668,0.6496887683868409,0.78
0.6226814432938894,0.7733333110809326,0.6453857858975728,0.8066667
