val_loss,val_accuracy,loss,accuracy
0.6366722877820333,0.800000011920929,2.2775640551249188,0.5466667
0.7411324747403463,0.6733333468437195,2.2058128356933593,0.56
0.9543905655543009,0.6200000047683716,2.117334167162577,0.56
1.147525962193807,0.5799999833106995,2.010705473423004,0.56
1.2786038414637249,0.6000000238418579,1.8118043184280395,0.56
