val_loss,val_accuracy,loss,accuracy
0.6381399677197138,0.8066666722297668,1.633789718945821,0.22666667
0.6850299151738485,0.6933333277702332,1.5810585848490397,0.22
0.702258182366689,0.7200000286102295,1.543743012746175,0.27333334
0.7144987952709198,0.6800000071525574,1.5142766729990642,0.26
0.7049824074904124,0.6866666674613953,1.4902227115631104,0.30666667
