val_loss,val_accuracy,loss,accuracy
1.484212040901184,0.5533333420753479,0.3912189304828644,0.8333333
0.7481949329376221,0.7200000286102295,1.0774178504943848,0.6666667
0.5613386631011963,0.753333330154419,0.5887221097946167,0.84166664
0.5212892889976501,0.7333333492279053,0.42813196778297424,0.825
0.47716638445854187,0.753333330154419,0.36867114901542664,0.84166664
