val_loss,val_accuracy,loss,accuracy
0.6254804203907649,0.7933333516120911,0.6639586544036865,0.79333335
0.6232195353507995,0.8066666722297668,0.6691890949010849,0.8
0.6443827247619629,0.7599999904632568,0.6519477717081705,0.78
0.6470679785807928,0.7666666507720947,0.6436752378940582,0.7866667
0.6265193851788838,0.7866666913032532,0.6452029967308044,0.79333335
