val_loss,val_accuracy,loss,accuracy
0.6186579155921936,0.8199999928474426,2.4908296235402427,0.50666666
0.6387460553646087,0.7733333110809326,2.4142038599650064,0.50666666
0.731032866636912,0.699999988079071,2.327829202016195,0.50666666
0.9799616861343384,0.653333306312561,2.1945165252685546,0.50666666
1.2060530201594035,0.653333306312561,1.9271734650929768,0.5133333
