val_loss,val_accuracy,loss,accuracy
0.6992537554105123,0.7400000095367432,1.6541903797785442,0.5
0.7064812334378561,0.7400000095367432,1.623396323521932,0.52
0.6651159969965617,0.7333333492279053,1.587458128531774,0.52
0.7013386869430542,0.7200000286102295,1.5691164819399517,0.52
0.7039961965878805,0.7200000286102295,1.5332728894551595,0.52
