val_loss,val_accuracy,loss,accuracy
0.6693927468856176,0.753333330154419,0.6610297520955404,0.7888889
0.6549871257940928,0.7599999904632568,0.6532265848583645,0.78333336
0.6236139567693074,0.800000011920929,0.6424446226822005,0.8
0.6201145527760188,0.800000011920929,0.635741036468082,0.81666666
0.6462671905755997,0.7666666507720947,0.631560911072625,0.82222223
