val_loss,val_accuracy,loss,accuracy
0.9436356425285339,0.4333333373069763,1.935585379600525,0.46666667
1.0512429475784302,0.46666666865348816,1.2969696521759033,0.36
1.1037027835845947,0.4266666769981384,1.2093533277511597,0.41333333
1.0339539051055908,0.5,1.232225775718689,0.27333334
0.9750509858131409,0.5400000214576721,1.048895239830017,0.46
