val_loss,val_accuracy,loss,accuracy
0.6254244879881541,0.800000011920929,1.609424425760905,0.48
0.6458499924341837,0.753333330154419,1.5534776639938355,0.5
0.6513215414683025,0.7400000095367432,1.5317882696787517,0.49333334
0.64331181148688,0.7200000286102295,1.5136648686726888,0.49333334
0.6577462577819824,0.7133333086967468,1.4891139952341717,0.5
