val_loss,val_accuracy,loss,accuracy
0.9653114080429077,0.3933333456516266,2.4520347118377686,0.32
0.9888113141059875,0.3333333432674408,1.6013113260269165,0.35333332
1.0541654825210571,0.3333333432674408,1.099037528038025,0.39333335
1.070624589920044,0.2800000011920929,1.1019618511199951,0.35333332
1.0093634128570557,0.46000000834465027,1.0720723867416382,0.40666667
