val_loss,val_accuracy,loss,accuracy
0.6437505767742793,0.7733333110809326,1.6355394220352173,0.23333333
0.6652236143747966,0.7133333086967468,1.5820451418558756,0.22
0.6759550130367279,0.7200000286102295,1.5513804880777995,0.25333333
0.6808302636941274,0.7133333086967468,1.532730253537496,0.28
0.657776536544164,0.7799999713897705,1.5107995732625326,0.32
