val_loss,val_accuracy,loss,accuracy
0.6213726019859314,0.8199999928474426,0.6697681204477945,0.76
0.6594504563013712,0.746666669845581,0.6592146738370259,0.8
0.6301997433106105,0.7866666913032532,0.6609570155541102,0.7733333
0.6244895782073339,0.7733333110809326,0.6508729155858358,0.82
0.6354000610113144,0.7733333110809326,0.6416554764906566,0.8066667
