val_loss,val_accuracy,loss,accuracy
0.6856621090571086,0.746666669845581,1.5599822251001993,0.5466667
0.7120398736000061,0.7599999904632568,1.5030106258392335,0.54
0.720125466187795,0.7200000286102295,1.4783318742116291,0.54
0.7568573451042175,0.6733333468437195,1.4493179893493653,0.54
0.7681040660540263,0.6666666865348816,1.4283073206742605,0.54
