val_loss,val_accuracy,loss,accuracy
0.6424051801363627,0.7599999904632568,1.6697064018249512,0.47333333
0.6424815011024475,0.7666666507720947,1.6199849478403727,0.48
0.664867217540741,0.7266666889190674,1.5918714714050293,0.48666668
0.6692387652397156,0.753333330154419,1.5685435016949971,0.48666668
0.6757688522338867,0.7400000095367432,1.5318495909372964,0.48666668
