val_loss,val_accuracy,loss,accuracy
0.6301921568314235,0.7866666913032532,0.6722035666306814,0.79333335
0.6328440107901891,0.7866666913032532,0.6601776331663132,0.81333333
0.619752189318339,0.8066666722297668,0.657648590405782,0.79333335
0.6197030353546142,0.8066666722297668,0.6512981887658437,0.82
0.618955928683281,0.7866666913032532,0.642081356048584,0.8
