val_loss,val_accuracy,loss,accuracy
0.6484806666771571,0.8066666722297668,1.6218114153544108,0.2
0.690644178390503,0.699999988079071,1.5809785429636638,0.23333333
0.684682681163152,0.7400000095367432,1.5831338834762574,0.28666666
0.6825647350152334,0.7599999904632568,1.5212132708231607,0.3
0.6998366582393646,0.7333333492279053,1.4777429835001628,0.28
