val_loss,val_accuracy,loss,accuracy
0.628247535030047,0.7866666913032532,0.6129447009828356,0.7888889
0.6273815133174261,0.7933333516120911,0.6028780274920993,0.79444444
0.6359958608945211,0.7866666913032532,0.5944655610455407,0.82222223
0.658987543185552,0.7599999904632568,0.5924494213528103,0.79444444
0.6300518848498662,0.7933333516120911,0.5887457026375664,0.79444444
