val_loss,val_accuracy,loss,accuracy
0.6360384982824325,0.7666666507720947,0.6700247887770335,0.7866667
0.62683915356795,0.7733333110809326,0.6583423252900441,0.78
0.6220216310024261,0.8133333325386047,0.6540268989404042,0.8
0.6213529882828395,0.7933333516120911,0.6475757988293965,0.81333333
0.6197532465060552,0.7866666913032532,0.6418537584940592,0.82
