val_loss,val_accuracy,loss,accuracy
0.6433978052934011,0.7933333516120911,2.271643263498942,0.5466667
0.7767611281077067,0.653333306312561,2.1858749532699586,0.56
0.9786415529251099,0.6066666841506958,2.086129042307536,0.56
1.246903541882833,0.5733333230018616,1.9618221871058146,0.56
1.3775389289855957,0.5799999833106995,1.7146002634366353,0.56666666
