val_loss,val_accuracy,loss,accuracy
0.6765806949138642,0.7266666889190674,2.270019464492798,0.56
1.0039770476023355,0.6600000262260437,2.168390444119771,0.55333334
1.2327147356669108,0.6333333253860474,1.85586363474528,0.53333336
1.321919641494751,0.6200000047683716,1.6334675812721253,0.53333336
1.2735603841145833,0.6266666650772095,1.6070294173558552,0.5466667
