val_loss,val_accuracy,loss,accuracy
0.6493886335690816,0.7799999713897705,1.5665619214375814,0.54
0.6448020088672638,0.8133333325386047,1.5178462918599447,0.54
0.6720886166890462,0.7666666507720947,1.4916667874654135,0.54
0.6985842712720235,0.753333330154419,1.4674389346440633,0.54
0.715545969804128,0.7200000286102295,1.4390918223063152,0.52
