val_loss,val_accuracy,loss,accuracy
0.6344734328985214,0.7799999713897705,0.614415176709493,0.8
0.6513496714830399,0.7599999904632568,0.6054529774520132,0.8
0.6347576616207758,0.7733333110809326,0.5967994107140435,0.78333336
0.6720420700311661,0.753333330154419,0.5878995643721686,0.82222223
0.6257360762357712,0.7599999904632568,0.5810138424237569,0.8111111
