val_loss,val_accuracy,loss,accuracy
0.6416370707750321,0.8133333325386047,1.6156228033701578,0.22
0.6892815085252126,0.7066666483879089,1.5784357976913452,0.24
0.6749357946713765,0.7400000095367432,1.5290112606684367,0.28
0.6851013628641764,0.7400000095367432,1.512774748802185,0.27333334
0.6921628630161285,0.7066666483879089,1.475574515660604,0.29333332
