val_loss,val_accuracy,loss,accuracy
0.6416971655686696,0.8066666722297668,1.75927530447642,0.44666666
0.67112921833992,0.7866666913032532,1.7085045178731282,0.46666667
0.6867421038945516,0.7599999904632568,1.6682695547739665,0.49333334
0.7084801797072092,0.746666669845581,1.6392758687337239,0.5
0.7275367863972981,0.7200000286102295,1.6244679387410481,0.48
