val_loss,val_accuracy,loss,accuracy
0.6175838512182236,0.8133333325386047,2.4878069814046224,0.50666666
0.6531209210554759,0.7400000095367432,2.409676105181376,0.5
0.8329137897491455,0.6733333468437195,2.3008085775375364,0.5
1.1527788241704304,0.6399999856948853,2.085518922805786,0.5133333
1.3363610871632894,0.6333333253860474,1.7229595565795899,0.52666664
