val_loss,val_accuracy,loss,accuracy
0.9653114080429077,0.3933333456516266,2.4520347118377686,0.32
0.9888112545013428,0.3333333432674408,1.6013115644454956,0.35333332
1.0541654825210571,0.3333333432674408,1.099037528038025,0.39333335
1.0706241130828857,0.2800000011920929,1.1019618511199951,0.35333332
1.00936758518219,0.46000000834465027,1.0720750093460083,0.40666667
