val_loss,val_accuracy,loss,accuracy
0.8875511884689331,0.40666666626930237,2.3486404418945312,0.38
1.3092639446258545,0.31333333253860474,1.6191483736038208,0.37333333
1.0803313255310059,0.36000001430511475,1.215903878211975,0.38
1.0449028015136719,0.4533333480358124,1.0964328050613403,0.42
1.002108097076416,0.36000001430511475,1.072540044784546,0.44
