val_loss,val_accuracy,loss,accuracy
0.6595768584807714,0.7400000095367432,0.6527359909481473,0.7722222
0.6277531750996908,0.800000011920929,0.6522724125120375,0.7888889
0.6389311883846919,0.7666666507720947,0.6422664635711246,0.78333336
0.6408011327187221,0.7733333110809326,0.6357065565056271,0.76666665
0.6295889792839686,0.800000011920929,0.6388531035847134,0.79444444
