val_loss,val_accuracy,loss,accuracy
1.3601709604263306,0.54666668176651,0.40841102600097656,0.82222223
0.6043234467506409,0.7200000286102295,1.025797963142395,0.6666667
0.5251011252403259,0.753333330154419,0.5281393527984619,0.76666665
0.6957074403762817,0.6266666650772095,0.39960411190986633,0.84444445
0.9467816352844238,0.6333333253860474,0.5562356114387512,0.75555557
