val_loss,val_accuracy,loss,accuracy
0.6521734841664633,0.7666666507720947,1.5601781908671062,0.5466667
0.6623216001192729,0.7866666913032532,1.5149170962969463,0.56666666
0.6928149588902791,0.7599999904632568,1.489720139503479,0.53333336
0.6886570429801941,0.7666666507720947,1.457028605143229,0.54
0.7087406380971273,0.7266666889190674,1.4321005757649738,0.5466667
