val_loss,val_accuracy,loss,accuracy
0.6523392975330353,0.7266666889190674,1.5905219999949138,0.50666666
0.6766845128933588,0.699999988079071,1.5634221601486207,0.52666664
0.6638904970884323,0.699999988079071,1.5335303243001301,0.53333336
0.658199939529101,0.7200000286102295,1.5131577126185098,0.52666664
0.6542403678099314,0.7200000286102295,1.4899280818303426,0.5133333
