val_loss,val_accuracy,loss,accuracy
0.6267372304201126,0.7866666913032532,0.609853630595737,0.7888889
0.6298370220263799,0.7866666913032532,0.605678630537457,0.7777778
0.6209109264612198,0.8133333325386047,0.5963894817564223,0.81666666
0.6313359395662943,0.7799999713897705,0.5894113567140368,0.81666666
0.6315087236960729,0.7933333516120911,0.5844874234663116,0.8111111
