val_loss,val_accuracy,loss,accuracy
0.6482792323827744,0.8066666722297668,0.7167580737007989,0.78333336
0.6547516963879267,0.7799999713897705,0.7074108494652642,0.78333336
0.6269743710756301,0.7799999713897705,0.699848985671997,0.7888889
0.6407786566019058,0.7599999904632568,0.6927719699011908,0.81666666
0.6184697985649109,0.8066666722297668,0.6892597105767991,0.8111111
