val_loss,val_accuracy,loss,accuracy
0.6385048800706863,0.753333330154419,0.6677723960081736,0.8
0.6335376590490341,0.7733333110809326,0.6621344502766927,0.8066667
0.6216548522313435,0.8066666722297668,0.6499373046557109,0.8066667
0.623079132437706,0.7799999713897705,0.6488225265343984,0.8
0.6437703341245651,0.7666666507720947,0.6452882981300354,0.8066667
