val_loss,val_accuracy,loss,accuracy
1.3984267711639404,0.5400000214576721,0.41064491868019104,0.82
0.5971412658691406,0.7733333110809326,1.1260840892791748,0.64
0.5955778956413269,0.7133333086967468,0.5002945065498352,0.82666665
0.8691977858543396,0.653333306312561,0.49275609850883484,0.7866667
0.4985024929046631,0.7599999904632568,0.6790598034858704,0.76666665
