val_loss,val_accuracy,loss,accuracy
0.6378149455785751,0.7933333516120911,0.6975605070590973,0.775
0.6219059878587723,0.7933333516120911,0.6851063211758931,0.76666665
0.6209752094745636,0.800000011920929,0.6856206973393758,0.78333336
0.6267254509528478,0.7933333516120911,0.6743197560310363,0.7916667
0.6245821350812912,0.7866666913032532,0.6789388716220855,0.78333336
