val_loss,val_accuracy,loss,accuracy
0.6217153495550156,0.8133333325386047,0.6711136817932128,0.8
0.6413245483239491,0.7666666507720947,0.6706981974840164,0.7866667
0.6534222382307052,0.7666666507720947,0.6557398557662963,0.79333335
0.629230692187945,0.7799999713897705,0.6496062244971593,0.7866667
0.6262446131308873,0.753333330154419,0.6455952807267507,0.79333335
