val_loss,val_accuracy,loss,accuracy
0.658516606092453,0.7733333110809326,2.271603422164917,0.56
0.8088121541341146,0.6466666460037231,2.1969681453704832,0.56
1.0638070487976075,0.5666666626930237,2.1153472677866616,0.56
1.3389152590433757,0.54666668176651,2.0104205147425334,0.56
1.5836430104573567,0.5333333611488342,1.833309686978658,0.56666666
