val_loss,val_accuracy,loss,accuracy
1.4140645265579224,0.5333333611488342,0.41128191351890564,0.81666666
0.5371427536010742,0.7666666507720947,1.1369688510894775,0.65555555
0.5415695905685425,0.7266666889190674,0.44599682092666626,0.8111111
0.7046990394592285,0.7400000095367432,0.4166108965873718,0.8
0.6126759648323059,0.6933333277702332,0.491222083568573,0.79444444
