val_loss,val_accuracy,loss,accuracy
0.6333734832207362,0.7933333516120911,0.6558499773343404,0.78333336
0.6385932511091232,0.7666666507720947,0.6492872688505384,0.7888889
0.6372820262114207,0.7666666507720947,0.6399460170004103,0.78333336
0.6310446943839391,0.7799999713897705,0.638712203502655,0.7722222
0.6402763026952744,0.7599999904632568,0.6328771306408776,0.8
