val_loss,val_accuracy,loss,accuracy
0.622931053241094,0.800000011920929,1.6020109995206198,0.48666668
0.6247955437501271,0.7733333110809326,1.5681344254811604,0.47333333
0.6270695658524831,0.7866666913032532,1.5227601003646851,0.52666664
0.645206439892451,0.746666669845581,1.495478286743164,0.48666668
0.6696727345387141,0.699999988079071,1.4695107805728913,0.5
