val_loss,val_accuracy,loss,accuracy
1.4549802541732788,0.54666668176651,0.41347983479499817,0.82222223
0.5136237144470215,0.753333330154419,1.1098824739456177,0.6666667
0.529976487159729,0.746666669845581,0.4400482177734375,0.81666666
0.7124993801116943,0.7400000095367432,0.3987487852573395,0.8111111
0.5391445159912109,0.7133333086967468,0.5380467176437378,0.7888889
