val_loss,val_accuracy,loss,accuracy
0.6752732396125793,0.7733333110809326,1.5775616010030111,0.54
0.6939670952161153,0.753333330154419,1.532173784573873,0.54
0.6910234888394674,0.7333333492279053,1.5002331153551738,0.56
0.6826821398735047,0.7666666507720947,1.4706899348894755,0.55333334
0.6903551721572876,0.7599999904632568,1.4520595868428547,0.53333336
