val_loss,val_accuracy,loss,accuracy
0.6315242312351863,0.7799999713897705,0.6919459939002991,0.78333336
0.6256952669223149,0.7666666507720947,0.6780525883038838,0.76666665
0.6410215924183528,0.7400000095367432,0.6781419595082601,0.76666665
0.6273067015409469,0.7866666913032532,0.6789408445358276,0.775
0.6603333046038945,0.7400000095367432,0.6633115530014038,0.775
