val_loss,val_accuracy,loss,accuracy
0.658983248869578,0.7733333110809326,1.6551951003074645,0.48666668
0.694805847009023,0.746666669845581,1.6215156682332357,0.48
0.6762964145342509,0.7333333492279053,1.6041144466400146,0.5133333
0.6751057807604471,0.746666669845581,1.577108426094055,0.5
0.6855068723360698,0.7333333492279053,1.5521822849909463,0.5
