val_loss,val_accuracy,loss,accuracy
0.6672837090492248,0.7400000095367432,1.6818913873036703,0.47333333
0.6492835466066996,0.7733333110809326,1.621601676940918,0.5
0.6643977403640747,0.7599999904632568,1.5958198801676433,0.49333334
0.6681030488014221,0.7599999904632568,1.5700716114044189,0.48
0.6976056162516276,0.7266666889190674,1.5523315779368083,0.49333334
