val_loss,val_accuracy,loss,accuracy
0.6348471997181574,0.7666666507720947,0.6646013484398524,0.82
0.627715767621994,0.7933333516120911,0.6584525720278422,0.78
0.6523777596155802,0.7666666507720947,0.653924913406372,0.8066667
0.623212348818779,0.8066666722297668,0.649352244536082,0.79333335
0.6488136043151219,0.753333330154419,0.6440610329310099,0.8066667
