val_loss,val_accuracy,loss,accuracy
0.6266863332192103,0.7733333110809326,1.6587151940663656,0.22
0.6290038369099299,0.8199999928474426,1.6002224238713583,0.21333334
0.6429282756646474,0.7733333110809326,1.5572675387064616,0.20666666
0.6386558755238851,0.7666666507720947,1.527911771138509,0.25333333
0.644904857079188,0.7666666507720947,1.522671635945638,0.27333334
