val_loss,val_accuracy,loss,accuracy
1.3984267711639404,0.5400000214576721,0.41064488887786865,0.82
0.5971411466598511,0.7733333110809326,1.1260840892791748,0.64
0.5955774784088135,0.7133333086967468,0.5002944469451904,0.82666665
0.86919766664505,0.653333306312561,0.4927556812763214,0.7866667
0.498502254486084,0.7599999904632568,0.6790597438812256,0.76666665
