val_loss,val_accuracy,loss,accuracy
0.6254830765724182,0.8133333325386047,2.492120739618937,0.50666666
0.6681416193644206,0.7200000286102295,2.4149334716796873,0.50666666
0.8229176179567973,0.6066666841506958,2.3189811515808105,0.50666666
1.0921326398849487,0.5533333420753479,2.1786385162423056,0.50666666
1.3775645192464192,0.5400000214576721,1.924060697555542,0.5133333
