val_loss,val_accuracy,loss,accuracy
0.6620288761456807,0.7733333110809326,1.6494259643554687,0.50666666
0.6882227230072021,0.746666669845581,1.6261771766344706,0.52666664
0.6763741024335226,0.7400000095367432,1.5925614261627197,0.5133333
0.6995761672655741,0.7266666889190674,1.559078299999237,0.53333336
0.7162278095881144,0.7200000286102295,1.5376096308231353,0.52
