val_loss,val_accuracy,loss,accuracy
0.637164612809817,0.7733333110809326,0.6697686384121577,0.78
0.6335569447278977,0.7733333110809326,0.6567743984858195,0.79333335
0.6374964298804601,0.753333330154419,0.6537984005610148,0.76666665
0.634425898194313,0.7799999713897705,0.6472709846496582,0.8066667
0.6277116384108862,0.7799999713897705,0.6476392688353857,0.79333335
