val_loss,val_accuracy,loss,accuracy
0.6239576115210851,0.800000011920929,0.6701701349020004,0.78
0.6513593113422393,0.7666666507720947,0.6516265205542247,0.81333333
0.6361388059457144,0.7933333516120911,0.6537367471059163,0.7733333
0.6305960273742676,0.7799999713897705,0.6436403624216716,0.78
0.622145199974378,0.7933333516120911,0.6415992863972981,0.8
