val_loss,val_accuracy,loss,accuracy
1.3841674327850342,0.5199999809265137,0.4371853470802307,0.7916667
0.5405106544494629,0.753333330154419,1.2060654163360596,0.6166667
0.5508961081504822,0.7266666889190674,0.51976078748703,0.825
0.810713529586792,0.6266666650772095,0.48122018575668335,0.78333336
0.6902394890785217,0.6333333253860474,0.6753527522087097,0.7416667
