val_loss,val_accuracy,loss,accuracy
0.6230579509337744,0.7933333516120911,2.492848711013794,0.5
0.6254519951343537,0.800000011920929,2.4221692943572997,0.50666666
0.6583743719259898,0.7400000095367432,2.3495080439249674,0.50666666
0.7337149167060852,0.6266666650772095,2.263225596745809,0.50666666
0.8795917916297913,0.6000000238418579,2.152151894569397,0.50666666
