val_loss,val_accuracy,loss,accuracy
1.5762672424316406,0.4933333396911621,0.3963214159011841,0.85
0.546553373336792,0.7733333110809326,1.2233881950378418,0.625
0.5558360815048218,0.7400000095367432,0.40602296590805054,0.85
0.7215734720230103,0.6600000262260437,0.43299204111099243,0.84166664
0.6122136116027832,0.699999988079071,0.5136269927024841,0.80833334
