val_loss,val_accuracy,loss,accuracy
0.6320394577582678,0.8066666722297668,0.6784632431136237,0.7888889
0.6220626252889633,0.7799999713897705,0.6686697002914217,0.76111114
0.6354019500811895,0.753333330154419,0.6606849763128493,0.79444444
0.6247234370311101,0.7866666913032532,0.6541135907173157,0.8
0.6204947505394618,0.8066666722297668,0.6521737231148614,0.7722222
