val_loss,val_accuracy,loss,accuracy
0.6246544128656387,0.7866666913032532,0.6666511656840642,0.79333335
0.623922032515208,0.8133333325386047,0.6626804582277934,0.7866667
0.6214512968063355,0.8133333325386047,0.6593561764558157,0.8
0.6323027314742407,0.7799999713897705,0.6479614845911662,0.8066667
0.6199020129442215,0.7933333516120911,0.6428476095199585,0.79333335
