val_loss,val_accuracy,loss,accuracy
0.6626631045341491,0.746666669845581,0.6387180189291636,0.81666666
0.6504272387425105,0.7866666913032532,0.625450857480367,0.8
0.6420847549041112,0.7733333110809326,0.6265860239664713,0.825
0.6410447933276494,0.7866666913032532,0.6217901716629665,0.8
0.6290556544065475,0.7933333516120911,0.6149118175109227,0.8
