val_loss,val_accuracy,loss,accuracy
1.2864619493484497,0.47333332896232605,2.350008964538574,0.34
0.9092718362808228,0.5133333206176758,1.8965706825256348,0.34
1.1299164295196533,0.46000000834465027,1.3690619468688965,0.37333333
1.0367885828018188,0.4333333373069763,1.1854223012924194,0.41333333
1.0266422033309937,0.5733333230018616,1.0925543308258057,0.40666667
