val_loss,val_accuracy,loss,accuracy
0.6249288511276245,0.8066666722297668,1.6394646326700846,0.20666666
0.6320371039708456,0.7933333516120911,1.60087708791097,0.22666667
0.6538101144631704,0.7266666889190674,1.5597750520706177,0.23333333
0.6475648840268453,0.7799999713897705,1.5333241271972655,0.26
0.6520316360394159,0.8066666722297668,1.5128520266215006,0.26
