val_loss,val_accuracy,loss,accuracy
1.3984267711639404,0.5400000214576721,0.41064485907554626,0.82
0.5971412062644958,0.7733333110809326,1.1260839700698853,0.64
0.5955774188041687,0.7133333086967468,0.5002944469451904,0.82666665
0.8691976070404053,0.653333306312561,0.4927556812763214,0.7866667
0.4985021948814392,0.7599999904632568,0.6790596842765808,0.76666665
