val_loss,val_accuracy,loss,accuracy
0.6264685267210006,0.7933333516120911,0.6668685468037924,0.7733333
0.6298566500345866,0.7866666913032532,0.6677347844839097,0.7733333
0.6244295581181845,0.7866666913032532,0.641660262743632,0.8
0.6224496138095855,0.800000011920929,0.6530888835589092,0.8066667
0.6359465217590332,0.7866666913032532,0.6424460093180339,0.8066667
