val_loss,val_accuracy,loss,accuracy
0.6359497402111689,0.7866666913032532,0.5917185386021931,0.81666666
0.64166117588679,0.7666666507720947,0.5972279707590739,0.825
0.6309387264649073,0.7733333110809326,0.5826680620511373,0.7916667
0.6254495598872503,0.7799999713897705,0.5750954627990723,0.81666666
0.6268434880177179,0.7866666913032532,0.5689703424771627,0.825
