val_loss,val_accuracy,loss,accuracy
1.117301344871521,0.3466666638851166,2.206570863723755,0.34
0.9874738454818726,0.54666668176651,1.266974925994873,0.37333333
1.1007072925567627,0.4533333480358124,1.1411319971084595,0.39333335
1.206131935119629,0.41999998688697815,1.1578606367111206,0.39333335
1.027363896369934,0.46666666865348816,1.2409873008728027,0.38666666
