val_loss,val_accuracy,loss,accuracy
0.6396812107165655,0.7866666913032532,1.625675764878591,0.22
0.6399878843625386,0.7933333516120911,1.581756223042806,0.24666667
0.6666792611281077,0.753333330154419,1.5441940689086915,0.23333333
0.6967267688115438,0.7133333086967468,1.5277068980534871,0.25333333
0.7004922012488047,0.699999988079071,1.491945869922638,0.3
