val_loss,val_accuracy,loss,accuracy
0.7934395098686218,0.6466666460037231,2.4179437581698098,0.52
1.3708828194936116,0.5933333039283752,2.0283231767018637,0.50666666
1.471566546758016,0.5533333420753479,1.4288936233520508,0.49333334
1.480252275466919,0.54666668176651,1.3981945729255676,0.50666666
1.3771527401606243,0.5733333230018616,1.3884209712346396,0.53333336
