val_loss,val_accuracy,loss,accuracy
1.360170841217041,0.54666668176651,0.40841105580329895,0.82222223
0.6043234467506409,0.7200000286102295,1.025797724723816,0.6666667
0.5251011252403259,0.753333330154419,0.5281394124031067,0.76666665
0.6957070827484131,0.6266666650772095,0.3996041715145111,0.84444445
0.9467820525169373,0.6333333253860474,0.5562351942062378,0.75555557
