val_loss,val_accuracy,loss,accuracy
1.4549800157546997,0.54666668176651,0.4134797751903534,0.82222223
0.5136237144470215,0.753333330154419,1.1098824739456177,0.6666667
0.529976487159729,0.746666669845581,0.4400482475757599,0.81666666
0.7124996781349182,0.7400000095367432,0.39874881505966187,0.8111111
0.5391445755958557,0.7133333086967468,0.5380470156669617,0.7888889
