val_loss,val_accuracy,loss,accuracy
0.6308417336146037,0.7866666913032532,2.5711271286010744,0.49333334
0.7935004528363546,0.6933333277702332,2.4562611309687297,0.49333334
1.143839904467265,0.6266666650772095,2.229988883336385,0.49333334
1.215286979675293,0.6133333444595337,1.849866067568461,0.49333334
1.2569351704915364,0.5866666436195374,1.7308740202585857,0.5
