val_loss,val_accuracy,loss,accuracy
1.2535170316696167,0.3400000035762787,2.2392938137054443,0.34666666
0.9075716137886047,0.6266666650772095,1.4909796714782715,0.32666665
1.0855560302734375,0.40666666626930237,1.1813305616378784,0.35333332
1.11722993850708,0.41999998688697815,1.1231741905212402,0.4
1.1234203577041626,0.3933333456516266,1.1350374221801758,0.39333335
