val_loss,val_accuracy,loss,accuracy
0.6345195825894674,0.7799999713897705,1.6648536364237467,0.46666667
0.6346981040636699,0.7799999713897705,1.636006196339925,0.47333333
0.6492354925473531,0.7733333110809326,1.6112730979919434,0.47333333
0.6578310052553813,0.7733333110809326,1.57691650390625,0.48
0.6566004204750061,0.7666666507720947,1.5542822583516438,0.5
