val_loss,val_accuracy,loss,accuracy
0.6385428446531296,0.753333330154419,0.6001243531703949,0.775
0.6249900597333908,0.7933333516120911,0.5927391012509664,0.8
0.6261629805962244,0.8133333325386047,0.5782233417034149,0.825
0.631927122871081,0.7799999713897705,0.5668738345305125,0.8333333
0.6463950455188752,0.7733333110809326,0.5744187235832214,0.81666666
