val_loss,val_accuracy,loss,accuracy
1.3936834335327148,0.5533333420753479,0.4298194348812103,0.81666666
0.6096245050430298,0.746666669845581,1.1767299175262451,0.6333333
0.5274155139923096,0.746666669845581,0.5325847268104553,0.825
0.5130301117897034,0.7400000095367432,0.4123426675796509,0.84166664
0.8462538123130798,0.6200000047683716,0.3995068371295929,0.8333333
