val_loss,val_accuracy,loss,accuracy
0.6332927836974462,0.7733333110809326,0.6682717657089233,0.78
0.6337392290433248,0.7866666913032532,0.6630444224675497,0.7866667
0.6364497596025467,0.7666666507720947,0.6507806108395259,0.81333333
0.62505284567674,0.7733333110809326,0.6478645126024882,0.8
0.6247679702440898,0.7933333516120911,0.6429648955663045,0.82
