val_loss,val_accuracy,loss,accuracy
1.3984266519546509,0.5400000214576721,0.4106448292732239,0.82
0.5971411466598511,0.7733333110809326,1.1260838508605957,0.64
0.5955775380134583,0.7133333086967468,0.5002943873405457,0.82666665
0.8691977858543396,0.653333306312561,0.4927557408809662,0.7866667
0.4985021948814392,0.7599999904632568,0.6790597438812256,0.76666665
