val_loss,val_accuracy,loss,accuracy
0.6323328508933386,0.7733333110809326,1.6337253554662068,0.21333334
0.6293311840295792,0.7866666913032532,1.584221994082133,0.23333333
0.6474342890580496,0.753333330154419,1.5640336720148722,0.24
0.6450788454214732,0.7599999904632568,1.5327224222819011,0.24666667
0.6544527892271678,0.746666669845581,1.5105558315912881,0.24666667
