val_loss,val_accuracy,loss,accuracy
0.6270406138896942,0.7933333516120911,1.6051335461934408,0.50666666
0.6402319180965423,0.753333330154419,1.5430863602956135,0.49333334
0.6450981696446737,0.7333333492279053,1.51733758131663,0.5133333
0.6494049656391144,0.7133333086967468,1.4883254154523213,0.5133333
0.6399151468276978,0.7400000095367432,1.468029301961263,0.50666666
