val_loss,val_accuracy,loss,accuracy
0.6324162846803665,0.7866666913032532,1.641364278793335,0.23333333
0.6356685648361842,0.7866666913032532,1.5965780814488728,0.24
0.6555511196454366,0.753333330154419,1.5540893507003783,0.23333333
0.6770072122414906,0.7266666889190674,1.5237659200032552,0.25333333
0.6782675858338674,0.7133333086967468,1.497496992746989,0.26
