val_loss,val_accuracy,loss,accuracy
0.6481757766008377,0.7599999904632568,0.6640402062733968,0.7733333
0.6350828651587168,0.7799999713897705,0.6549596953392028,0.8066667
0.6229052811861038,0.7866666913032532,0.6487694164117177,0.81333333
0.6656316184997558,0.7666666507720947,0.641644184589386,0.8
0.6250904856125513,0.7733333110809326,0.641186306476593,0.82
