val_loss,val_accuracy,loss,accuracy
0.6357128961881002,0.7799999713897705,1.7677275943756103,0.44
0.6482849029699961,0.8266666531562805,1.707480595111847,0.46
0.652409372329712,0.8266666531562805,1.663850456873576,0.49333334
0.6740377986431122,0.7866666913032532,1.6328081520398459,0.45333335
0.6879058011372884,0.753333330154419,1.6010180521011352,0.5
