val_loss,val_accuracy,loss,accuracy
0.7443186521530152,0.6866666674613953,2.428447265625,0.52
1.2380743646621704,0.6399999856948853,2.1189709949493407,0.52
1.3505878734588623,0.5866666436195374,1.5014981698989869,0.52
1.3265860764185589,0.5799999833106995,1.3669639523824055,0.53333336
1.3251989189783733,0.5733333230018616,1.3578797296682994,0.5466667
