val_loss,val_accuracy,loss,accuracy
0.6789666565259298,0.7733333110809326,1.6714602875709534,0.47333333
0.6662730860710144,0.7599999904632568,1.633336505095164,0.5
0.6805426589647929,0.7333333492279053,1.6093442940711975,0.48
0.6985052903493245,0.7266666889190674,1.579562406539917,0.49333334
0.7047204661369324,0.7266666889190674,1.56370317141215,0.5
