val_loss,val_accuracy,loss,accuracy
1.4219567775726318,0.5266666412353516,0.43882036209106445,0.8111111
0.6224251389503479,0.7599999904632568,1.1755050420761108,0.64444447
0.5713660717010498,0.7066666483879089,0.5113521218299866,0.82222223
0.8338907957077026,0.6200000047683716,0.4848889708518982,0.7888889
0.5190143585205078,0.7400000095367432,0.6784709692001343,0.71666664
