val_loss,val_accuracy,loss,accuracy
0.6338969548543294,0.7799999713897705,0.7208647112051646,0.76111114
0.6259595316648483,0.8066666722297668,0.7097119983699587,0.78333336
0.6510884445905686,0.753333330154419,0.7063889854484134,0.8055556
0.6512337958812714,0.7599999904632568,0.6933693236774868,0.79444444
0.6284075075387955,0.7733333110809326,0.6888109034962124,0.8
