val_loss,val_accuracy,loss,accuracy
0.6251172890265783,0.8133333325386047,1.637037329673767,0.22
0.6434638051191965,0.7866666913032532,1.5775825182596843,0.22666667
0.6637200939655304,0.7400000095367432,1.5582838201522826,0.23333333
0.6856520887215932,0.7200000286102295,1.5160939296086628,0.25333333
0.6738529471556346,0.7333333492279053,1.49460777759552,0.3
