val_loss,val_accuracy,loss,accuracy
0.6317817519108454,0.7733333110809326,0.6410897771517435,0.7916667
0.6377888488769531,0.746666669845581,0.622805142402649,0.7916667
0.6371278750896454,0.7666666507720947,0.6167315979798634,0.81666666
0.6314186781644822,0.7733333110809326,0.613578720887502,0.8333333
0.6396950477361679,0.7733333110809326,0.6067793250083924,0.8333333
