val_loss,val_accuracy,loss,accuracy
1.1173012256622314,0.3466666638851166,2.206570625305176,0.34
0.9874740839004517,0.54666668176651,1.266974925994873,0.37333333
1.1007062196731567,0.4533333480358124,1.14113187789917,0.39333335
1.2061320543289185,0.41999998688697815,1.1578593254089355,0.39333335
1.027363896369934,0.46666666865348816,1.2409878969192505,0.38666666
