val_loss,val_accuracy,loss,accuracy
0.8875511884689331,0.40666666626930237,2.3486404418945312,0.38
1.309264063835144,0.31333333253860474,1.6191486120224,0.37333333
1.0803314447402954,0.36000001430511475,1.215903878211975,0.38
1.0449062585830688,0.4533333480358124,1.096432089805603,0.42
1.0021053552627563,0.36000001430511475,1.0725399255752563,0.44
