val_loss,val_accuracy,loss,accuracy
0.6321269144614537,0.7799999713897705,0.6720874627431234,0.78
0.6254252012570699,0.7799999713897705,0.6568354030450185,0.8
0.6237598246335984,0.8133333325386047,0.654544780254364,0.8
0.6247912599643072,0.7666666507720947,0.6469900584220887,0.78
0.6202648915847142,0.800000011920929,0.6396688918272654,0.81333333
