val_loss,val_accuracy,loss,accuracy
1.117301344871521,0.3466666638851166,2.2065703868865967,0.34
0.9874740839004517,0.54666668176651,1.2669748067855835,0.37333333
1.1007070541381836,0.4533333480358124,1.1411317586898804,0.39333335
1.2061314582824707,0.41999998688697815,1.157860517501831,0.39333335
1.0273642539978027,0.46666666865348816,1.2409873008728027,0.38666666
