val_loss,val_accuracy,loss,accuracy
0.635168245434761,0.8199999928474426,1.6384495449066163,0.2
0.6593589210510253,0.7799999713897705,1.5626626014709473,0.22666667
0.6814190546671549,0.7333333492279053,1.5368821080525716,0.25333333
0.704530310233434,0.699999988079071,1.5129873736699422,0.26
0.7112042685349782,0.699999988079071,1.4786270062128704,0.28666666
