val_loss,val_accuracy,loss,accuracy
1.4680240154266357,0.54666668176651,0.3985532224178314,0.825
0.743625819683075,0.7400000095367432,1.1316711902618408,0.64166665
0.5413691997528076,0.7333333492279053,0.5421702265739441,0.825
0.6720740795135498,0.6733333468437195,0.45659148693084717,0.80833334
0.5042805671691895,0.7400000095367432,0.41503995656967163,0.825
