val_loss,val_accuracy,loss,accuracy
0.6446615848938624,0.7599999904632568,0.655473013718923,0.78333336
0.6351518114407857,0.7733333110809326,0.6505805889765421,0.7777778
0.6262786324818929,0.7866666913032532,0.6399798499213325,0.79444444
0.6303940049807231,0.7666666507720947,0.6345440460575952,0.7888889
0.6208170866966247,0.7933333516120911,0.634640203581916,0.8055556
