val_loss,val_accuracy,loss,accuracy
0.6454847667614619,0.7666666507720947,0.6393923004468282,0.80833334
0.6310721510648727,0.7733333110809326,0.6248315860827763,0.7916667
0.6387524362405141,0.7799999713897705,0.6274332682291667,0.8333333
0.6281611178318659,0.7799999713897705,0.6207176764806112,0.825
0.6303918029864629,0.7933333516120911,0.6136721432209015,0.825
