val_loss,val_accuracy,loss,accuracy
0.6310976670185725,0.7799999713897705,0.6740071958965725,0.7722222
0.6397695052623749,0.753333330154419,0.6647341277864244,0.79444444
0.6374011359612147,0.753333330154419,0.655221348338657,0.78333336
0.672198196053505,0.7400000095367432,0.649609962436888,0.8
0.627449818054835,0.7933333516120911,0.6428100042872958,0.79444444
