val_loss,val_accuracy,loss,accuracy
0.6397106347481409,0.7733333110809326,0.6056883758968777,0.78333336
0.6345702308416367,0.7799999713897705,0.6073940542009142,0.8055556
0.6241777481635412,0.7799999713897705,0.597861283686426,0.8055556
0.6329452359676361,0.7599999904632568,0.5900872078206804,0.8
0.6321606753269832,0.746666669845581,0.5907138877444797,0.7888889
