val_loss,val_accuracy,loss,accuracy
0.6235084241628647,0.7933333516120911,2.4901168711980186,0.50666666
0.639000948270162,0.7666666507720947,2.4120122623443603,0.50666666
0.7587298003832499,0.6333333253860474,2.3131991529464724,0.50666666
1.0227617375055948,0.5933333039283752,2.1655749034881593,0.50666666
1.3017080879211427,0.5533333420753479,1.8979905104637147,0.5133333
