val_loss,val_accuracy,loss,accuracy
0.6326408382256826,0.7866666913032532,1.6033507378896077,0.5
0.6408877911170324,0.753333330154419,1.552424462636312,0.5133333
0.6452827960252762,0.7200000286102295,1.5311695273717245,0.5133333
0.6637837046384811,0.699999988079071,1.513512187798818,0.54
0.6464814752340317,0.7133333086967468,1.485484964052836,0.52
