val_loss,val_accuracy,loss,accuracy
0.6380551393826802,0.7933333516120911,1.6665108410517375,0.47333333
0.6554051661491394,0.7733333110809326,1.6266643903652827,0.48
0.6671499276161194,0.7666666507720947,1.60371901512146,0.48666668
0.6636495041847229,0.753333330154419,1.574884788195292,0.5
0.6624533303578695,0.7599999904632568,1.5500727621714274,0.50666666
