val_loss,val_accuracy,loss,accuracy
1.3936835527420044,0.5533333420753479,0.4298194348812103,0.81666666
0.609624445438385,0.746666669845581,1.1767302751541138,0.6333333
0.5274156928062439,0.746666669845581,0.5325847268104553,0.825
0.5130324959754944,0.7400000095367432,0.4123428761959076,0.84166664
0.8462747931480408,0.6200000047683716,0.3995090425014496,0.8333333
