val_loss,val_accuracy,loss,accuracy
1.4971401691436768,0.5533333420753479,0.4039958119392395,0.8277778
0.6371471881866455,0.7599999904632568,1.3031580448150635,0.6166667
0.596614420413971,0.6933333277702332,0.5359081029891968,0.82222223
0.8099367022514343,0.6399999856948853,0.48406362533569336,0.7777778
0.5198211669921875,0.746666669845581,0.6450533866882324,0.75
