val_loss,val_accuracy,loss,accuracy
0.627360015908877,0.7666666507720947,0.6746671040852864,0.7722222
0.6335132851203282,0.7666666507720947,0.6630106982257631,0.79444444
0.6266997257868449,0.800000011920929,0.6615262601110671,0.7722222
0.6197589389483134,0.8066666722297668,0.6544895172119141,0.8
0.6356451592842738,0.7733333110809326,0.6463292678197224,0.78333336
