val_loss,val_accuracy,loss,accuracy
1.117301344871521,0.3466666638851166,2.206570625305176,0.34
0.9874740839004517,0.54666668176651,1.266974925994873,0.37333333
1.1007065773010254,0.4533333480358124,1.14113187789917,0.39333335
1.206131935119629,0.41999998688697815,1.1578596830368042,0.39333335
1.0273640155792236,0.46666666865348816,1.240987777709961,0.38666666
