val_loss,val_accuracy,loss,accuracy
0.626084660689036,0.800000011920929,2.482982578277588,0.50666666
0.7341889039675394,0.699999988079071,2.3826907380421956,0.50666666
1.0872905238469441,0.6399999856948853,2.2086936394373575,0.5
1.2868248256047568,0.6200000047683716,1.8157308419545493,0.52
1.2909499009450276,0.6266666650772095,1.684312539100647,0.49333334
