val_loss,val_accuracy,loss,accuracy
0.6270824517806372,0.7933333516120911,0.6743649131059647,0.79333335
0.6402492225170135,0.7799999713897705,0.6623784494400025,0.7733333
0.6563186726967494,0.7599999904632568,0.6612518481413523,0.79333335
0.6330792997280756,0.7933333516120911,0.6535041197141012,0.7733333
0.6482784614960353,0.753333330154419,0.6449948219458262,0.8066667
