val_loss,val_accuracy,loss,accuracy
0.6252391066153844,0.7799999713897705,0.6093166695700751,0.8111111
0.6317313053210576,0.800000011920929,0.6096397214465671,0.79444444
0.6301217315594355,0.7933333516120911,0.5945446266068353,0.8111111
0.6257551687955857,0.7599999904632568,0.5926170706748962,0.8111111
0.6365060520172119,0.7599999904632568,0.5834708280033536,0.82222223
