val_loss,val_accuracy,loss,accuracy
0.6316714213291804,0.7866666913032532,0.6708048386706247,0.7888889
0.6475758057832718,0.7400000095367432,0.6508894370661842,0.78333336
0.6305671284596125,0.7933333516120911,0.6400851302676731,0.8
0.6340665984153747,0.7733333110809326,0.639137883981069,0.79444444
0.6448403741916021,0.7799999713897705,0.6376183059480455,0.7888889
