val_loss,val_accuracy,loss,accuracy
1.3841674327850342,0.5199999809265137,0.43718528747558594,0.7916667
0.5405106544494629,0.753333330154419,1.2060654163360596,0.6166667
0.5508960485458374,0.7266666889190674,0.5197608470916748,0.825
0.810713529586792,0.6266666650772095,0.4812201261520386,0.78333336
0.6902405619621277,0.6333333253860474,0.6753523349761963,0.7416667
