val_loss,val_accuracy,loss,accuracy
1.100306510925293,0.3799999952316284,1.6772345304489136,0.45333335
1.1995210647583008,0.4533333480358124,1.2364546060562134,0.32666665
0.9783996343612671,0.47333332896232605,1.3115112781524658,0.37333333
1.003357172012329,0.47999998927116394,1.1399731636047363,0.34
0.9460168480873108,0.6066666841506958,1.126272439956665,0.41333333
