val_loss,val_accuracy,loss,accuracy
0.6547055542469025,0.7200000286102295,2.56818039894104,0.49333334
0.9268832381566365,0.6666666865348816,2.4359643332163494,0.49333334
1.251110725402832,0.6266666650772095,2.031527099609375,0.5133333
1.2950404898325603,0.6133333444595337,1.807953957716624,0.5
1.2966570727030435,0.5666666626930237,1.7172224108378094,0.5
