val_loss,val_accuracy,loss,accuracy
0.6274720305204391,0.8133333325386047,1.6126390027999877,0.18666667
0.6565980088710784,0.7733333110809326,1.5793177668253582,0.22666667
0.6791894249121349,0.7200000286102295,1.5252437003453572,0.22666667
0.6589628795782725,0.7866666913032532,1.502423817316691,0.3
0.6773967603842418,0.7333333492279053,1.4680419778823852,0.24666667
