val_loss,val_accuracy,loss,accuracy
0.6347424872716267,0.7666666507720947,0.6883282621701559,0.7583333
0.6350641832749049,0.7599999904632568,0.6832896788914998,0.78333336
0.6375901041428248,0.7599999904632568,0.6741032421588897,0.78333336
0.6417823129892349,0.7400000095367432,0.6713338216145833,0.78333336
0.6522867399454116,0.746666669845581,0.667120099067688,0.78333336
