val_loss,val_accuracy,loss,accuracy
0.6247639381885528,0.7866666913032532,0.70090292096138,0.78333336
0.6433376042048137,0.7666666507720947,0.6970193545023601,0.76666665
0.6313536564509074,0.7733333110809326,0.6908481438954671,0.78333336
0.627524523139,0.7733333110809326,0.686028798421224,0.78333336
0.6230451343456904,0.7733333110809326,0.6797062079111735,0.775
