val_loss,val_accuracy,loss,accuracy
1.1431872844696045,0.3933333456516266,1.7998508214950562,0.44666666
1.1929603815078735,0.4933333396911621,1.3338085412979126,0.33333334
1.0658588409423828,0.5400000214576721,1.2662378549575806,0.42666668
0.9868003129959106,0.54666668176651,1.0653858184814453,0.46
1.006914496421814,0.47999998927116394,1.0310921669006348,0.48
