val_loss,val_accuracy,loss,accuracy
0.6482212177912394,0.7933333516120911,1.752211383183797,0.42666668
0.6670166989167531,0.7400000095367432,1.6961149779955547,0.46
0.6859287786483764,0.7599999904632568,1.67087930838267,0.45333335
0.7024723180135091,0.746666669845581,1.6341722583770752,0.48666668
0.7102219629287719,0.7266666889190674,1.6112844228744507,0.49333334
