val_loss,val_accuracy,loss,accuracy
0.8875511884689331,0.40666666626930237,2.3486404418945312,0.38
1.3092639446258545,0.31333333253860474,1.6191484928131104,0.37333333
1.080330729484558,0.36000001430511475,1.215903878211975,0.38
1.0449128150939941,0.4533333480358124,1.0964306592941284,0.42
1.0021023750305176,0.36000001430511475,1.0725394487380981,0.44
