val_loss,val_accuracy,loss,accuracy
1.3984265327453613,0.5400000214576721,0.41064485907554626,0.82
0.5971413254737854,0.7733333110809326,1.1260838508605957,0.64
0.5955778360366821,0.7133333086967468,0.50029456615448,0.82666665
0.8691976070404053,0.653333306312561,0.4927561581134796,0.7866667
0.4985024034976959,0.7599999904632568,0.679059624671936,0.76666665
