val_loss,val_accuracy,loss,accuracy
0.62835757513841,0.7866666913032532,0.6443314154942831,0.775
0.6345977797110876,0.7866666913032532,0.6352508962154388,0.8333333
0.6312045756975809,0.7866666913032532,0.6202157298723857,0.8
0.6376162888606389,0.7799999713897705,0.6184327085812886,0.825
0.6337136727571487,0.800000011920929,0.6098297715187073,0.80833334
