val_loss,val_accuracy,loss,accuracy
0.6271141958236695,0.8066666722297668,0.6597579624917772,0.7722222
0.6269612052043279,0.7866666913032532,0.6465367052290175,0.7722222
0.623949846625328,0.7666666507720947,0.6413881394598219,0.78333336
0.6390747481584549,0.7866666913032532,0.6325963785250982,0.79444444
0.6471033916870753,0.7733333110809326,0.6387646026081509,0.8055556
