val_loss,val_accuracy,loss,accuracy
0.8875512480735779,0.40666666626930237,2.348640203475952,0.38
1.3092639446258545,0.31333333253860474,1.6191483736038208,0.37333333
1.080331563949585,0.36000001430511475,1.215903878211975,0.38
1.04490327835083,0.4533333480358124,1.0964325666427612,0.42
1.00210702419281,0.36000001430511475,1.0725399255752563,0.44
