val_loss,val_accuracy,loss,accuracy
1.4549802541732788,0.54666668176651,0.41347983479499817,0.82222223
0.513623833656311,0.753333330154419,1.1098822355270386,0.6666667
0.5299764275550842,0.746666669845581,0.4400482475757599,0.81666666
0.71249920129776,0.7400000095367432,0.39874881505966187,0.8111111
0.5391446948051453,0.7133333086967468,0.5380465984344482,0.7888889
