val_loss,val_accuracy,loss,accuracy
0.6694994310537974,0.753333330154419,0.6606405079364777,0.79444444
0.6519866639375687,0.753333330154419,0.6518055650922987,0.7777778
0.6293560431400935,0.7799999713897705,0.6441661596298218,0.8055556
0.6364579250415167,0.7799999713897705,0.6335947884453668,0.8055556
0.6312242257595062,0.7666666507720947,0.631332642502255,0.8111111
