val_loss,val_accuracy,loss,accuracy
0.6230623777707418,0.800000011920929,0.6714067451159159,0.78
0.6380056289831797,0.753333330154419,0.6610577927033107,0.7866667
0.6410899780193965,0.7599999904632568,0.6504826951026916,0.82
0.6649920723835627,0.7599999904632568,0.6467743889490764,0.8
0.6202862757444382,0.7866666913032532,0.6414917246500651,0.8066667
