val_loss,val_accuracy,loss,accuracy
1.4549802541732788,0.54666668176651,0.4134797751903534,0.82222223
0.5136236548423767,0.753333330154419,1.1098823547363281,0.6666667
0.529976487159729,0.746666669845581,0.4400482177734375,0.81666666
0.7124996185302734,0.7400000095367432,0.39874881505966187,0.8111111
0.5391445159912109,0.7133333086967468,0.5380469560623169,0.7888889
