val_loss,val_accuracy,loss,accuracy
1.143187403678894,0.3933333456516266,1.7998510599136353,0.44666666
1.192960500717163,0.4933333396911621,1.3338083028793335,0.33333334
1.0658591985702515,0.5400000214576721,1.2662379741668701,0.42666668
0.9868017435073853,0.54666668176651,1.0653842687606812,0.46
1.0069200992584229,0.47999998927116394,1.0310919284820557,0.48
