val_loss,val_accuracy,loss,accuracy
0.6728339678049088,0.7733333110809326,0.6581640720367432,0.7888889
0.678324050505956,0.7599999904632568,0.6553582568963369,0.7777778
0.6227365485827128,0.8133333325386047,0.6489647150039672,0.75555557
0.616466104388237,0.8066666722297668,0.6453792095184326,0.8055556
0.6305747095743816,0.7866666913032532,0.635607221391466,0.7888889
