val_loss,val_accuracy,loss,accuracy
0.6353556782007217,0.7666666507720947,0.6676176013549169,0.79333335
0.622142758568128,0.800000011920929,0.6598627996444703,0.79333335
0.6226130628585815,0.7799999713897705,0.6557063317298889,0.7866667
0.624470189611117,0.800000011920929,0.6483439802130063,0.8066667
0.620684830347697,0.800000011920929,0.6522830772399902,0.79333335
