val_loss,val_accuracy,loss,accuracy
0.8356194090843201,0.6800000071525574,2.4180918367703756,0.52
1.3254320287704469,0.6066666841506958,1.918311258951823,0.5
1.381340456008911,0.5733333230018616,1.4332077439626059,0.5466667
1.3249872461954753,0.5799999833106995,1.4012879236539204,0.53333336
1.386524559656779,0.5733333230018616,1.3941554832458496,0.5466667
