val_loss,val_accuracy,loss,accuracy
0.6286791388193766,0.8066666722297668,1.6388703680038452,0.20666666
0.646484072804451,0.800000011920929,1.5930534934997558,0.21333334
0.6688543258110682,0.7666666507720947,1.559527047475179,0.23333333
0.6903317979971568,0.746666669845581,1.5285803985595703,0.24666667
0.7069781998793284,0.699999988079071,1.4928328816095988,0.26666668
