val_loss,val_accuracy,loss,accuracy
0.6278207439184189,0.7666666507720947,0.6159388091829088,0.8055556
0.645663342277209,0.7666666507720947,0.6160815212461683,0.8
0.6390310734510422,0.7666666507720947,0.597238900926378,0.8
0.6470680783192316,0.7933333516120911,0.5908695644802517,0.82222223
0.6840277715524038,0.7599999904632568,0.5861027108298408,0.81666666
