val_loss,val_accuracy,loss,accuracy
0.6365206289291382,0.8199999928474426,1.7467427333196004,0.44
0.6623852399984995,0.7599999904632568,1.696837690671285,0.45333335
0.6682240311304728,0.7866666913032532,1.6637982813517254,0.45333335
0.691748054822286,0.746666669845581,1.6381641483306886,0.48
0.7002308714389801,0.7400000095367432,1.612366704940796,0.48
