val_loss,val_accuracy,loss,accuracy
0.6331009389956792,0.7733333110809326,0.7050191521644592,0.76666665
0.6365851761897405,0.7733333110809326,0.6904393076896668,0.78333336
0.6230804753303528,0.8066666722297668,0.6905800978342692,0.775
0.6296498187383016,0.7866666913032532,0.6861335118611653,0.7583333
0.6190900824467341,0.8133333325386047,0.6813754340012869,0.775
