val_loss,val_accuracy,loss,accuracy
0.6358536396423976,0.7666666507720947,0.674004457394282,0.78
0.6313884649674097,0.7866666913032532,0.659612981081009,0.8066667
0.6215740746259689,0.7933333516120911,0.6602146510283152,0.79333335
0.6221691066026688,0.7866666913032532,0.6456472782293955,0.8
0.621231360634168,0.8066666722297668,0.6435589989026388,0.8
