val_loss,val_accuracy,loss,accuracy
0.6376142400503159,0.7933333516120911,0.7178229676352607,0.7777778
0.6389915057023366,0.8133333325386047,0.7142625225914849,0.7777778
0.6579197378953298,0.7733333110809326,0.7147940503226387,0.7777778
0.6299858597914377,0.7733333110809326,0.7011062492926915,0.78333336
0.630941341718038,0.7866666913032532,0.6839850425720215,0.79444444
