val_loss,val_accuracy,loss,accuracy
0.6266432666778564,0.7933333516120911,0.5937497576077779,0.81666666
0.6241118860244751,0.8066666722297668,0.5820048491160075,0.8
0.6318121550480524,0.7799999713897705,0.5806823631127676,0.81666666
0.6249897752205531,0.800000011920929,0.577015221118927,0.825
0.6730223528544108,0.7666666507720947,0.5730409602324168,0.825
