val_loss,val_accuracy,loss,accuracy
1.143187165260315,0.3933333456516266,1.7998510599136353,0.44666666
1.192960262298584,0.4933333396911621,1.3338085412979126,0.33333334
1.065859079360962,0.5400000214576721,1.2662379741668701,0.42666668
0.9868014454841614,0.54666668176651,1.0653846263885498,0.46
1.0069186687469482,0.47999998927116394,1.0310919284820557,0.48
