val_loss,val_accuracy,loss,accuracy
0.8875512480735779,0.40666666626930237,2.3486404418945312,0.38
1.3092639446258545,0.31333333253860474,1.6191482543945312,0.37333333
1.0803302526474,0.36000001430511475,1.215903878211975,0.38
1.044918417930603,0.4533333480358124,1.096429705619812,0.42
1.002099871635437,0.36000001430511475,1.0725390911102295,0.44
