val_loss,val_accuracy,loss,accuracy
0.6370717372496922,0.7733333110809326,0.6103325777583652,0.8111111
0.6225890904664994,0.800000011920929,0.601733907063802,0.79444444
0.6250030688444773,0.7933333516120911,0.5969370418124729,0.8055556
0.6367100908358891,0.7866666913032532,0.5810838149653541,0.8277778
0.6364984480539958,0.7666666507720947,0.5835556666056315,0.81666666
