val_loss,val_accuracy,loss,accuracy
1.4219567775726318,0.5266666412353516,0.43882036209106445,0.8111111
0.6224251389503479,0.7599999904632568,1.1755049228668213,0.64444447
0.571366012096405,0.7066666483879089,0.511352002620697,0.82222223
0.8338908553123474,0.6200000047683716,0.48488888144493103,0.7888889
0.5190143585205078,0.7400000095367432,0.678471028804779,0.71666664
