val_loss,val_accuracy,loss,accuracy
0.6570943967501323,0.7599999904632568,1.6630114928881328,0.48666668
0.6760337781906128,0.746666669845581,1.6239853159586588,0.5133333
0.6771387155850729,0.7400000095367432,1.5915365409851074,0.5133333
0.6940475781758626,0.746666669845581,1.5587046416600545,0.52
0.6901295145352682,0.7333333492279053,1.5354278230667113,0.52666664
