val_loss,val_accuracy,loss,accuracy
0.6393318500121434,0.7799999713897705,0.6607761383056641,0.7777778
0.6551092994213105,0.7666666507720947,0.650265457895067,0.7888889
0.6289394267400106,0.7866666913032532,0.6467216981781854,0.7722222
0.6442363156874975,0.7599999904632568,0.6341936998897129,0.7722222
0.6354306254784267,0.7666666507720947,0.6423089199595982,0.76666665
