val_loss,val_accuracy,loss,accuracy
1.3984266519546509,0.5400000214576721,0.41064488887786865,0.82
0.5971411466598511,0.7733333110809326,1.1260840892791748,0.64
0.5955774188041687,0.7133333086967468,0.5002944469451904,0.82666665
0.86919766664505,0.653333306312561,0.49275559186935425,0.7866667
0.4985021948814392,0.7599999904632568,0.6790598034858704,0.76666665
