val_loss,val_accuracy,loss,accuracy
1.0403718948364258,0.41999998688697815,2.4666714668273926,0.31333333
1.1315032243728638,0.273333340883255,1.7758737802505493,0.29333332
1.1115505695343018,0.23333333432674408,1.2024623155593872,0.34666666
1.1441434621810913,0.20666666328907013,1.1281300783157349,0.34
1.106009602546692,0.3799999952316284,1.093567967414856,0.38
