val_loss,val_accuracy,loss,accuracy
1.200414776802063,0.4399999976158142,2.194607973098755,0.34
1.0428632497787476,0.3400000035762787,1.7004554271697998,0.31333333
1.133345603942871,0.3866666555404663,1.2423986196517944,0.32666665
1.1530855894088745,0.3799999952316284,1.2010074853897095,0.36
1.2389860153198242,0.36666667461395264,1.1485754251480103,0.36
