val_loss,val_accuracy,loss,accuracy
0.6272066793839137,0.8066666722297668,1.6329593960444133,0.21333334
0.6628667978445689,0.7133333086967468,1.5828198830286662,0.19333333
0.6556897346178691,0.7733333110809326,1.5473554960886637,0.28
0.663178254365921,0.753333330154419,1.5308887100219726,0.26
0.7033296350638072,0.699999988079071,1.5055529006322226,0.23333333
