val_loss,val_accuracy,loss,accuracy
0.6587399335702261,0.7599999904632568,2.2808660729726156,0.5466667
0.8163875770568848,0.6266666650772095,2.197119673800965,0.56
1.079776037534078,0.5733333230018616,2.1125796898206075,0.56
1.3334251674016318,0.5866666436195374,1.942089681625366,0.56
1.4391178862253824,0.54666668176651,1.7129181893666585,0.54
