val_loss,val_accuracy,loss,accuracy
0.6346614331007003,0.7933333516120911,0.6916865130265554,0.76666665
0.6257097341616948,0.800000011920929,0.6994301319122315,0.775
0.63375767827034,0.7799999713897705,0.6816138386726379,0.78333336
0.6315803333123525,0.7866666913032532,0.6801514228185018,0.775
0.6232608415683111,0.7799999713897705,0.675674025217692,0.7916667
