val_loss,val_accuracy,loss,accuracy
0.6375274260838827,0.746666669845581,0.6637323194079929,0.7888889
0.6250311762094498,0.8133333325386047,0.6778000619676378,0.7777778
0.6259923680623373,0.7733333110809326,0.6633038971159193,0.76666665
0.6425524944067001,0.7866666913032532,0.6584006319443385,0.7777778
0.6373496528466542,0.7799999713897705,0.6441495007938809,0.8055556
