val_loss,val_accuracy,loss,accuracy
0.6237043341000875,0.8199999928474426,1.6429914712905884,0.22666667
0.6239436835050582,0.8199999928474426,1.5938671731948852,0.23333333
0.6424902562300364,0.7666666507720947,1.5578558524449666,0.22666667
0.6602978579203288,0.746666669845581,1.5271093511581422,0.23333333
0.6542713884512583,0.746666669845581,1.5007753769556682,0.26666668
