val_loss,val_accuracy,loss,accuracy
0.6655995138486226,0.7733333110809326,1.6321035957336425,0.2
0.6987078988552093,0.7400000095367432,1.5822101974487304,0.25333333
0.7267997531096141,0.7266666889190674,1.5462250709533691,0.27333334
0.7228717358907064,0.7133333086967468,1.5190262158711751,0.28666666
0.7418755257129669,0.7266666889190674,1.4990061330795288,0.30666667
