val_loss,val_accuracy,loss,accuracy
0.6308684772253037,0.7866666913032532,0.6644754759470621,0.76
0.6203349183003107,0.7933333516120911,0.6579014776150386,0.78
0.6358853242794673,0.7733333110809326,0.6481377267837525,0.7866667
0.6363112342357635,0.800000011920929,0.6565575098991394,0.8
0.6370829878250758,0.7599999904632568,0.6517614221572876,0.8
