val_loss,val_accuracy,loss,accuracy
0.6271000256141027,0.8066666722297668,0.6993732452392578,0.75
0.6216844187180202,0.7933333516120911,0.6929285486539205,0.7416667
0.6353739021221797,0.7666666507720947,0.6907496690750122,0.7583333
0.6451162471373876,0.7666666507720947,0.6826995412508646,0.7916667
0.6199426800012589,0.8066666722297668,0.6826247632503509,0.78333336
