val_loss,val_accuracy,loss,accuracy
0.6251427706082662,0.7933333516120911,2.4957942167917886,0.50666666
0.6325522955258688,0.7866666913032532,2.426067008972168,0.50666666
0.7014582951863607,0.699999988079071,2.3456510559717816,0.50666666
0.8667744994163513,0.653333306312561,2.2471781015396117,0.50666666
1.1437140544255575,0.6266666650772095,2.0718419249852498,0.5
