val_loss,val_accuracy,loss,accuracy
0.6914523990948995,0.7866666913032532,1.5520719472567241,0.5466667
0.7172014506657919,0.7400000095367432,1.5039607429504394,0.5466667
0.7295459298292796,0.7266666889190674,1.4688334814707438,0.53333336
0.7356706428527832,0.7066666483879089,1.4489665913581848,0.52
0.7433126290639241,0.6666666865348816,1.4109721708297729,0.54
