val_loss,val_accuracy,loss,accuracy
1.4140644073486328,0.5333333611488342,0.4112819731235504,0.81666666
0.5371426939964294,0.7666666507720947,1.1369692087173462,0.65555555
0.5415696501731873,0.7266666889190674,0.44599685072898865,0.8111111
0.7046992778778076,0.7400000095367432,0.4166109263896942,0.8
0.6126764416694641,0.6933333277702332,0.49122241139411926,0.79444444
