val_loss,val_accuracy,loss,accuracy
0.7081092468897502,0.6733333468437195,2.5495581150054933,0.49333334
1.2195868221918742,0.5933333039283752,2.3005367040634157,0.5
1.2927690172195434,0.5733333230018616,1.7563647524515789,0.5
1.323165415128072,0.5533333420753479,1.6517533751328786,0.50666666
1.2717191712061564,0.5600000023841858,1.6047059178352356,0.52666664
