val_loss,val_accuracy,loss,accuracy
0.6282004517316818,0.7666666507720947,0.6609161588880751,0.8111111
0.6212107127904892,0.800000011920929,0.6511789898077647,0.8055556
0.6385981766382853,0.7799999713897705,0.6443181064393785,0.8111111
0.6264086069663366,0.8066666722297668,0.6328822404146195,0.7888889
0.6494170816739401,0.7599999904632568,0.630768440829383,0.8
