val_loss,val_accuracy,loss,accuracy
1.0403718948364258,0.41999998688697815,2.4666712284088135,0.31333333
1.1315032243728638,0.273333340883255,1.7758737802505493,0.29333332
1.1115505695343018,0.23333333432674408,1.2024623155593872,0.34666666
1.1441402435302734,0.20666666328907013,1.128129005432129,0.34
1.1060105562210083,0.3799999952316284,1.0935674905776978,0.38
