val_loss,val_accuracy,loss,accuracy
0.6298216746250789,0.7933333516120911,0.6709718799591065,0.76666665
0.6383317238092423,0.7666666507720947,0.6611251219113667,0.7866667
0.622370544274648,0.800000011920929,0.6538910086949666,0.79333335
0.6268586283922195,0.7799999713897705,0.6517776346206665,0.7866667
0.624292294383049,0.800000011920929,0.6448919177055359,0.8
