val_loss,val_accuracy,loss,accuracy
1.3841674327850342,0.5199999809265137,0.4371853470802307,0.7916667
0.5405106544494629,0.753333330154419,1.2060654163360596,0.6166667
0.5508959889411926,0.7266666889190674,0.5197608470916748,0.825
0.8107135891914368,0.6266666650772095,0.4812201261520386,0.78333336
0.6902401447296143,0.6333333253860474,0.6753525137901306,0.7416667
