val_loss,val_accuracy,loss,accuracy
1.0403718948364258,0.41999998688697815,2.4666712284088135,0.31333333
1.1315029859542847,0.273333340883255,1.7758736610412598,0.29333332
1.1115490198135376,0.23333333432674408,1.2024623155593872,0.34666666
1.1441689729690552,0.20666666328907013,1.1281393766403198,0.34
1.1060019731521606,0.3799999952316284,1.093571424484253,0.38
