val_loss,val_accuracy,loss,accuracy
0.6364539515972137,0.8199999928474426,1.7552346563339234,0.44
0.6450731805960337,0.8199999928474426,1.7041763464609783,0.45333335
0.668384960492452,0.8199999928474426,1.6677784935633342,0.46
0.6947791453202565,0.7599999904632568,1.6320864105224608,0.49333334
0.6994274564584096,0.746666669845581,1.6055994542439778,0.48666668
