val_loss,val_accuracy,loss,accuracy
0.7681739048163096,0.6600000262260437,2.431731325785319,0.52
1.2754300610224405,0.6266666650772095,2.118011113007863,0.52666664
1.3609754212697347,0.5866666436195374,1.4305304638544718,0.53333336
1.3418233553568522,0.5733333230018616,1.3748592821757,0.56
1.344659635225932,0.5733333230018616,1.3741116523742676,0.55333334
