val_loss,val_accuracy,loss,accuracy
0.6456632169087728,0.7799999713897705,1.6757192611694336,0.47333333
0.6706104159355164,0.7599999904632568,1.6272333749135335,0.47333333
0.6525654737154643,0.7599999904632568,1.6062736511230469,0.49333334
0.6602469325065613,0.7599999904632568,1.5839559642473857,0.49333334
0.6625903010368347,0.7599999904632568,1.5511261463165282,0.5
