val_loss,val_accuracy,loss,accuracy
0.6484706469376882,0.8266666531562805,1.7443202066421508,0.45333335
0.673916581471761,0.8066666722297668,1.6864368947347006,0.46
0.6761664164066314,0.7866666913032532,1.6649816958109538,0.49333334
0.7088098553816478,0.7400000095367432,1.6390878772735595,0.48666668
0.7046227618058523,0.7333333492279053,1.6047406021753947,0.5
