val_loss,val_accuracy,loss,accuracy
1.117301344871521,0.3466666638851166,2.206570625305176,0.34
0.9874738454818726,0.54666668176651,1.266974687576294,0.37333333
1.1007088422775269,0.4533333480358124,1.1411319971084595,0.39333335
1.2061307430267334,0.41999998688697815,1.1578625440597534,0.39333335
1.0273646116256714,0.46666666865348816,1.2409863471984863,0.38666666
