val_loss,val_accuracy,loss,accuracy
0.6168972907463709,0.8266666531562805,2.489570859273275,0.50666666
0.647425510485967,0.746666669845581,2.410917971928914,0.50666666
0.7831307633717854,0.6399999856948853,2.3172560660044352,0.50666666
1.0297233629226685,0.5866666436195374,2.1901465320587157,0.50666666
1.317178610165914,0.5600000023841858,1.9646176958084107,0.50666666
