val_loss,val_accuracy,loss,accuracy
0.6257540975014368,0.7866666913032532,0.6664864730834961,0.79333335
0.6415275104840596,0.7599999904632568,0.6557221190134684,0.79333335
0.6264573941628139,0.7799999713897705,0.6519108279546102,0.79333335
0.6191465049982071,0.8066666722297668,0.6465041359265645,0.81333333
0.6251747411489487,0.7733333110809326,0.6474741721153259,0.7866667
