val_loss,val_accuracy,loss,accuracy
1.4971400499343872,0.5533333420753479,0.4039958119392395,0.8277778
0.6371471881866455,0.7599999904632568,1.3031582832336426,0.6166667
0.5966145396232605,0.6933333277702332,0.535908043384552,0.82222223
0.8099367618560791,0.6399999856948853,0.4840638041496277,0.7777778
0.5198211073875427,0.746666669845581,0.6450533270835876,0.75
