val_loss,val_accuracy,loss,accuracy
0.6288606097300847,0.7666666507720947,0.6566604726844364,0.7888889
0.6315308187405269,0.7799999713897705,0.6422275463740031,0.78333336
0.6707611085971197,0.7599999904632568,0.6358973655435775,0.8055556
0.6381699051459631,0.7799999713897705,0.6397278679741754,0.81666666
0.6361832390228908,0.7933333516120911,0.6247912804285686,0.82222223
