val_loss,val_accuracy,loss,accuracy
1.5762672424316406,0.4933333396911621,0.39632144570350647,0.85
0.5465534329414368,0.7733333110809326,1.2233881950378418,0.625
0.5558362603187561,0.7400000095367432,0.40602293610572815,0.85
0.7215738296508789,0.6600000262260437,0.43299219012260437,0.84166664
0.6122137308120728,0.699999988079071,0.5136274695396423,0.80833334
