val_loss,val_accuracy,loss,accuracy
0.6559977253278096,0.7933333516120911,1.5651045592625936,0.54
0.6867913206418356,0.7733333110809326,1.5101189057032267,0.53333336
0.6983169531822204,0.753333330154419,1.4818583901723226,0.5466667
0.7267662906646728,0.7066666483879089,1.4552625147501628,0.5466667
0.7238693022727967,0.699999988079071,1.433735540707906,0.52666664
