val_loss,val_accuracy,loss,accuracy
0.6506262648105622,0.7866666913032532,1.5533885478973388,0.54
0.6752680047353109,0.7599999904632568,1.5117703199386596,0.53333336
0.6927879627545674,0.746666669845581,1.477063913345337,0.5466667
0.7073515383402507,0.7400000095367432,1.4370699707667034,0.5466667
0.7442648005485535,0.6866666674613953,1.4163589302698771,0.53333336
