val_loss,val_accuracy,loss,accuracy
1.5762672424316406,0.4933333396911621,0.3963214159011841,0.85
0.5465534925460815,0.7733333110809326,1.2233881950378418,0.625
0.5558360815048218,0.7400000095367432,0.40602290630340576,0.85
0.7215737700462341,0.6600000262260437,0.43299204111099243,0.84166664
0.6122137308120728,0.699999988079071,0.513627290725708,0.80833334
