val_loss,val_accuracy,loss,accuracy
0.6335161620378494,0.800000011920929,1.6411821667353312,0.22
0.6461811530590057,0.7666666507720947,1.5848903846740723,0.24
0.6604137591520945,0.7599999904632568,1.54599187374115,0.24666667
0.6769503740469615,0.699999988079071,1.5214051389694214,0.26
0.6784051553408305,0.7266666889190674,1.4901314465204876,0.25333333
