val_loss,val_accuracy,loss,accuracy
0.6325555628538132,0.7799999713897705,0.6707527728875479,0.79333335
0.6228091925382614,0.8066666722297668,0.658784099817276,0.7866667
0.637970965107282,0.7799999713897705,0.6508004987239837,0.8
0.626862480044365,0.800000011920929,0.6451285854975383,0.8066667
0.6201419885953268,0.7866666913032532,0.642801464398702,0.81333333
