val_loss,val_accuracy,loss,accuracy
0.6323708079258601,0.7866666913032532,0.6641887537638347,0.79333335
0.6452603415648143,0.7599999904632568,0.6541424043973287,0.79333335
0.6463971253236135,0.753333330154419,0.6504560983181,0.8
0.6266034269332885,0.7666666507720947,0.6468145259221395,0.81333333
0.6226117799679438,0.7933333516120911,0.6408844312032064,0.8066667
