val_loss,val_accuracy,loss,accuracy
0.6317267034451167,0.800000011920929,0.7043749113877614,0.7416667
0.641211949189504,0.7733333110809326,0.6845436930656433,0.7916667
0.6347192237774532,0.7733333110809326,0.6855962038040161,0.775
0.6549482442935308,0.7666666507720947,0.6838131467501323,0.78333336
0.6269426995515823,0.7799999713897705,0.6728487332661947,0.76666665
