val_loss,val_accuracy,loss,accuracy
0.6360728196303049,0.7599999904632568,0.6688883670171102,0.7866667
0.6331968913475673,0.7799999713897705,0.6538688520590464,0.79333335
0.6261294243733088,0.7866666913032532,0.6461755748589834,0.79333335
0.6225235096613566,0.8066666722297668,0.6429770723978678,0.8
0.6286257443825404,0.7933333516120911,0.6448242656389872,0.8
