val_loss,val_accuracy,loss,accuracy
1.4219567775726318,0.5266666412353516,0.43882039189338684,0.8111111
0.6224250197410583,0.7599999904632568,1.1755049228668213,0.64444447
0.5713658332824707,0.7066666483879089,0.511352002620697,0.82222223
0.8338905572891235,0.6200000047683716,0.4848887026309967,0.7888889
0.5190144777297974,0.7400000095367432,0.6784708499908447,0.71666664
