val_loss,val_accuracy,loss,accuracy
0.6646530445416768,0.753333330154419,0.6128254271215863,0.7722222
0.6513776034116745,0.7599999904632568,0.6055715772840712,0.8055556
0.626218641002973,0.7866666913032532,0.5984035200542874,0.8055556
0.6337225335836411,0.746666669845581,0.587292836772071,0.82222223
0.6360141928990682,0.7866666913032532,0.587023201584816,0.8055556
