val_loss,val_accuracy,loss,accuracy
0.626527230143547,0.7933333516120911,0.6663976347446442,0.79333335
0.6243990526596706,0.7933333516120911,0.6680695104598999,0.78
0.6248956360419591,0.7866666913032532,0.6543427821000417,0.8066667
0.6205679428577423,0.7933333516120911,0.6515212414662043,0.8
0.6208062746127446,0.7933333516120911,0.6418600827455521,0.8
