val_loss,val_accuracy,loss,accuracy
0.6212799741824468,0.8066666722297668,0.6613004671202766,0.76666665
0.6315086477994919,0.7866666913032532,0.6551061736212836,0.8055556
0.632470042904218,0.7799999713897705,0.6401680893368191,0.7777778
0.6191989358266194,0.8133333325386047,0.6374811278449164,0.78333336
0.6194993104537329,0.7933333516120911,0.6293338616689046,0.8055556
