val_loss,val_accuracy,loss,accuracy
0.6250945599873861,0.7799999713897705,1.6387646929423014,0.20666666
0.6279302547375362,0.8199999928474426,1.592903537750244,0.22
0.6409600843985875,0.7933333516120911,1.5597277863820393,0.22
0.65357319633166,0.7933333516120911,1.5262513701121012,0.27333334
0.6693339284261067,0.7799999713897705,1.5057011866569519,0.26
