val_loss,val_accuracy,loss,accuracy
0.7093505092461904,0.6933333277702332,2.4400508848826092,0.52
1.1248083051045736,0.6333333253860474,2.2350577131907143,0.52
1.2875477727254232,0.6333333253860474,1.6223328749338786,0.54
1.303761781056722,0.6266666650772095,1.4263836912314096,0.50666666
1.3653245671590168,0.6066666841506958,1.3655541849136352,0.5733333
