val_loss,val_accuracy,loss,accuracy
0.6245579077800115,0.7933333516120911,0.7233048597971599,0.76111114
0.6410018608967463,0.7733333110809326,0.7109366403685675,0.7777778
0.637354836265246,0.7866666913032532,0.706927400165134,0.78333336
0.6274285691976548,0.7733333110809326,0.6944873246881696,0.79444444
0.6222210671504339,0.7733333110809326,0.690982006655799,0.8055556
