val_loss,val_accuracy,loss,accuracy
0.6300398649772009,0.7733333110809326,0.5960203488667806,0.81666666
0.6422539790471394,0.753333330154419,0.5858597815036773,0.81666666
0.6298051150639852,0.800000011920929,0.5710132916768392,0.825
0.6278279280662536,0.800000011920929,0.563051442305247,0.81666666
0.6371510960658391,0.8066666722297668,0.5620716432730357,0.8333333
