val_loss,val_accuracy,loss,accuracy
0.6405955551067988,0.7666666507720947,1.6308491881688436,0.21333334
0.658111586968104,0.7266666889190674,1.5784239570299785,0.24
0.6527490035692851,0.7666666507720947,1.5502451324462891,0.26
0.6507782391707102,0.746666669845581,1.5165724404652914,0.26
0.6699324436982472,0.7266666889190674,1.5058781735102336,0.26
