val_loss,val_accuracy,loss,accuracy
0.6560256012280782,0.746666669845581,0.6448923548062643,0.8
0.6340312069654465,0.7733333110809326,0.6292006413141886,0.80833334
0.6404486952225367,0.7666666507720947,0.6283531467119853,0.7916667
0.635043194492658,0.7733333110809326,0.617653218905131,0.825
0.6259552200635274,0.7733333110809326,0.6153523166974385,0.80833334
