val_loss,val_accuracy,loss,accuracy
0.6223864308993021,0.800000011920929,0.6877885858217875,0.75
0.6304568988084793,0.7799999713897705,0.689302384853363,0.76666665
0.6227814457813898,0.7733333110809326,0.6784189224243165,0.775
0.6561253875494003,0.7400000095367432,0.6657308061917623,0.775
0.6252592500050863,0.7599999904632568,0.6659155527750651,0.7583333
