val_loss,val_accuracy,loss,accuracy
0.7220784044265747,0.6933333277702332,2.434230059782664,0.52
1.1941272735595703,0.6333333253860474,2.194679109255473,0.52
1.3382938130696616,0.6133333444595337,1.5950191402435303,0.52
1.3311190843582152,0.5933333039283752,1.4073089679082236,0.5
1.3050397888819376,0.5866666436195374,1.352099927266439,0.55333334
