val_loss,val_accuracy,loss,accuracy
0.6423164095481236,0.753333330154419,0.6994122008482615,0.76666665
0.6274155257145564,0.7933333516120911,0.6884867926438649,0.7916667
0.6293697532018026,0.7799999713897705,0.6899443656206131,0.7583333
0.6294638158877691,0.7866666913032532,0.6884959101676941,0.80833334
0.633891875743866,0.7799999713897705,0.6735617478688558,0.7916667
