val_loss,val_accuracy,loss,accuracy
0.6388929911454518,0.7599999904632568,0.6685133918126425,0.79333335
0.6228294171889623,0.7866666913032532,0.653864750067393,0.7866667
0.6207985172669093,0.8133333325386047,0.6516783769925435,0.79333335
0.6263883781433105,0.7866666913032532,0.653710868358612,0.8
0.6168950478235881,0.8066666722297668,0.6392558531959852,0.8
