val_loss,val_accuracy,loss,accuracy
0.6934281742572784,0.6866666674613953,2.557151066462199,0.49333334
1.3059824705123901,0.5600000023841858,2.309253780047099,0.49333334
1.3865352980295818,0.54666668176651,1.7679792881011962,0.5
1.3963640435536702,0.5400000214576721,1.6603019221623738,0.53333336
1.2724235010147096,0.5533333420753479,1.6616798114776612,0.45333335
