val_loss,val_accuracy,loss,accuracy
0.6543412192662557,0.7599999904632568,0.720321700308058,0.79444444
0.6664996614058812,0.753333330154419,0.7066054966714647,0.7888889
0.6434033817052841,0.7933333516120911,0.7068531708584891,0.79444444
0.6238913993040721,0.7933333516120911,0.693768032391866,0.7888889
0.6203147433201472,0.7933333516120911,0.6886958095762464,0.79444444
