val_loss,val_accuracy,loss,accuracy
0.6596738350391388,0.746666669845581,2.2665366967519125,0.55333334
0.8509611948331197,0.6133333444595337,2.169651282628377,0.56
1.1448989661534628,0.5533333420753479,2.057095799446106,0.56
1.4116930675506592,0.5400000214576721,1.868061710993449,0.56
1.5070206197102864,0.5400000214576721,1.6716305017471313,0.53333336
