val_loss,val_accuracy,loss,accuracy
1.100306510925293,0.3799999952316284,1.6772346496582031,0.45333335
1.1995210647583008,0.4533333480358124,1.236454725265503,0.32666665
0.9783997535705566,0.47333332896232605,1.3115112781524658,0.37333333
1.00335693359375,0.47999998927116394,1.1399732828140259,0.34
0.9460163116455078,0.6066666841506958,1.1262725591659546,0.41333333
