val_loss,val_accuracy,loss,accuracy
0.6247055222590764,0.8133333325386047,2.4970615243911745,0.5
0.6586514659722646,0.7400000095367432,2.4308302211761474,0.50666666
0.7888892102241516,0.6266666650772095,2.3512666543324787,0.50666666
1.0160879119237265,0.5733333230018616,2.252941160202026,0.50666666
1.3594500255584716,0.5400000214576721,2.089114799499512,0.50666666
