val_loss,val_accuracy,loss,accuracy
1.1173014640808105,0.3466666638851166,2.206570625305176,0.34
0.9874741435050964,0.54666668176651,1.2669748067855835,0.37333333
1.1007074117660522,0.4533333480358124,1.14113187789917,0.39333335
1.2061318159103394,0.41999998688697815,1.1578608751296997,0.39333335
1.027363896369934,0.46666666865348816,1.2409873008728027,0.38666666
