val_loss,val_accuracy,loss,accuracy
1.4549802541732788,0.54666668176651,0.413479745388031,0.82222223
0.513623833656311,0.753333330154419,1.1098824739456177,0.6666667
0.5299764275550842,0.746666669845581,0.44004830718040466,0.81666666
0.7124990224838257,0.7400000095367432,0.3987487256526947,0.8111111
0.5391448140144348,0.7133333086967468,0.5380465388298035,0.7888889
