val_loss,val_accuracy,loss,accuracy
1.4680241346359253,0.54666668176651,0.3985532224178314,0.825
0.7436259984970093,0.7400000095367432,1.1316710710525513,0.64166665
0.5413691401481628,0.7333333492279053,0.5421702861785889,0.825
0.6720737814903259,0.6733333468437195,0.45659181475639343,0.80833334
0.5042806267738342,0.7400000095367432,0.4150398373603821,0.825
