val_loss,val_accuracy,loss,accuracy
0.6261686835686365,0.7733333110809326,0.6544507708814409,0.78333336
0.6260298959414164,0.7733333110809326,0.6484521316157447,0.7888889
0.6246617299318313,0.7933333516120911,0.6409222268395953,0.8
0.6213323760032654,0.8066666722297668,0.6400423222117954,0.76111114
0.6385284159580866,0.7733333110809326,0.6410898605982462,0.76111114
