val_loss,val_accuracy,loss,accuracy
1.4219567775726318,0.5266666412353516,0.43882036209106445,0.8111111
0.6224250197410583,0.7599999904632568,1.1755050420761108,0.64444447
0.5713658928871155,0.7066666483879089,0.511352002620697,0.82222223
0.8338906764984131,0.6200000047683716,0.4848887622356415,0.7888889
0.5190144777297974,0.7400000095367432,0.6784709692001343,0.71666664
