val_loss,val_accuracy,loss,accuracy
0.6295473543802897,0.7866666913032532,0.6647792153888279,0.78333336
0.6310949752728144,0.7866666913032532,0.6602542274528079,0.7888889
0.6352506361405055,0.753333330154419,0.6392222636275822,0.8
0.6197432535886764,0.8266666531562805,0.634606561395857,0.8
0.6374797751506169,0.7799999713897705,0.6372217867109511,0.8
