val_loss,val_accuracy,loss,accuracy
0.6228866936763128,0.800000011920929,0.6967973232269287,0.7583333
0.6310242233673732,0.8133333325386047,0.6929748972256978,0.775
0.638524943391482,0.7799999713897705,0.678321627775828,0.7916667
0.6499913110335668,0.7733333110809326,0.6790943384170532,0.775
0.6312118607759476,0.7933333516120911,0.6754913210868836,0.7916667
