val_loss,val_accuracy,loss,accuracy
0.6911134839057922,0.7400000095367432,1.6625919246673584,0.49333334
0.7123132530848185,0.7333333492279053,1.624507287343343,0.5133333
0.6754719010988871,0.746666669845581,1.5916495498021443,0.52
0.6948847619692484,0.7333333492279053,1.57150133450826,0.52
0.7037790211041769,0.7266666889190674,1.5505654986699422,0.52
