val_loss,val_accuracy,loss,accuracy
0.6586153837045033,0.7333333492279053,2.2703290605545043,0.56
0.9162199012438457,0.6800000071525574,2.1833523527781167,0.55333334
1.2620313962300618,0.6399999856948853,1.973190024693807,0.55333334
1.302494209607442,0.6266666650772095,1.6332653633753458,0.56
1.3742612234751383,0.6200000047683716,1.5730044651031494,0.56
