val_loss,val_accuracy,loss,accuracy
0.6423203267653783,0.753333330154419,0.6638159902890524,0.8
0.6290790122747422,0.7866666913032532,0.6685039250055949,0.7866667
0.6211696535348892,0.8133333325386047,0.6522313642501831,0.79333335
0.6197203818957011,0.8066666722297668,0.6433128941059113,0.79333335
0.6328927805026372,0.7866666913032532,0.6435316530863444,0.8
