val_loss,val_accuracy,loss,accuracy
0.8875511884689331,0.40666666626930237,2.3486404418945312,0.38
1.309264063835144,0.31333333253860474,1.6191483736038208,0.37333333
1.0803316831588745,0.36000001430511475,1.2159039974212646,0.38
1.0449014902114868,0.4533333480358124,1.0964330434799194,0.42
1.002107858657837,0.36000001430511475,1.072540283203125,0.44
