val_loss,val_accuracy,loss,accuracy
0.6608566761016845,0.8133333325386047,1.556494526863098,0.5466667
0.7171056445439656,0.7599999904632568,1.5074476861953736,0.54
0.7254038747151693,0.7266666889190674,1.482588399251302,0.53333336
0.7359302846590677,0.7066666483879089,1.448726414044698,0.53333336
0.7478139233589173,0.6733333468437195,1.4220239861806234,0.5466667
