val_loss,val_accuracy,loss,accuracy
0.6285705705483754,0.7933333516120911,0.6642254050572713,0.8
0.629851300517718,0.8066666722297668,0.6601616434256236,0.8066667
0.6309582344690958,0.800000011920929,0.6459496184190114,0.8
0.6251098881165187,0.800000011920929,0.6428572130203247,0.8
0.6243469293912252,0.7733333110809326,0.6397655042012532,0.8
