val_loss,val_accuracy,loss,accuracy
1.1793338060379028,0.40666666626930237,2.0504679679870605,0.36
1.0570324659347534,0.3933333456516266,1.4614615440368652,0.35333332
1.0094069242477417,0.4866666793823242,1.3129608631134033,0.28
1.0086984634399414,0.47999998927116394,1.179206132888794,0.34666666
0.995654821395874,0.4933333396911621,1.112009048461914,0.38666666
