val_loss,val_accuracy,loss,accuracy
1.3601709604263306,0.54666668176651,0.4084111154079437,0.82222223
0.6043234467506409,0.7200000286102295,1.0257978439331055,0.6666667
0.5251010060310364,0.753333330154419,0.5281393527984619,0.76666665
0.6957066059112549,0.6266666650772095,0.39960408210754395,0.84444445
0.9467818140983582,0.6333333253860474,0.5562346577644348,0.75555557
