val_loss,val_accuracy,loss,accuracy
1.3841674327850342,0.5199999809265137,0.4371853172779083,0.7916667
0.5405106544494629,0.753333330154419,1.2060655355453491,0.6166667
0.5508958697319031,0.7266666889190674,0.5197608470916748,0.825
0.8107130527496338,0.6266666650772095,0.48121997714042664,0.78333336
0.6902421712875366,0.6333333253860474,0.6753519773483276,0.7416667
