val_loss,val_accuracy,loss,accuracy
0.6223970586061478,0.8133333325386047,0.6510190354453192,0.7777778
0.6319059034188589,0.7666666507720947,0.6493053562111325,0.7722222
0.6340137563149134,0.7866666913032532,0.6396791987948948,0.8
0.6282784372568131,0.7733333110809326,0.639986965391371,0.78333336
0.6274573385715485,0.7933333516120911,0.6314745002322727,0.7722222
