val_loss,val_accuracy,loss,accuracy
1.4680241346359253,0.54666668176651,0.3985532522201538,0.825
0.7436259984970093,0.7400000095367432,1.1316711902618408,0.64166665
0.5413691997528076,0.7333333492279053,0.5421702861785889,0.825
0.6720739603042603,0.6733333468437195,0.4565916657447815,0.80833334
0.5042806267738342,0.7400000095367432,0.41503989696502686,0.825
