val_loss,val_accuracy,loss,accuracy
0.6283949253956477,0.7799999713897705,0.7046811660130818,0.775
0.6317886583010356,0.7799999713897705,0.6940388699372609,0.78333336
0.6259676818052927,0.7933333516120911,0.688670027256012,0.775
0.6247750695546468,0.800000011920929,0.6835169315338134,0.7916667
0.621145847638448,0.7733333110809326,0.6767699519793192,0.775
