val_loss,val_accuracy,loss,accuracy
0.6399161624908447,0.7599999904632568,2.274674898783366,0.56
0.820422883828481,0.6733333468437195,2.2021505467096962,0.56
1.1469511238733927,0.6466666460037231,2.052809963226318,0.55333334
1.296464230219523,0.6266666650772095,1.7166660674413046,0.5466667
1.32972456296285,0.6266666650772095,1.640632464090983,0.5
