val_loss,val_accuracy,loss,accuracy
0.6851706435283025,0.7400000095367432,0.6098884171909756,0.8
0.6324562078714371,0.800000011920929,0.6046968261400859,0.8333333
0.6216231495141983,0.7933333516120911,0.6000752965609233,0.81666666
0.6309950298070908,0.7866666913032532,0.5888904293378194,0.8333333
0.6316346925497055,0.7733333110809326,0.5854568746354845,0.8111111
