val_loss,val_accuracy,loss,accuracy
1.2535170316696167,0.3400000035762787,2.2392935752868652,0.34666666
0.9075714945793152,0.6266666650772095,1.490979552268982,0.32666665
1.0855557918548584,0.40666666626930237,1.1813308000564575,0.35333332
1.1172319650650024,0.41999998688697815,1.1231741905212402,0.4
1.1234194040298462,0.3933333456516266,1.135039210319519,0.39333335
