val_loss,val_accuracy,loss,accuracy
0.6563026003042857,0.7400000095367432,2.2780825328826904,0.55333334
0.7504608750343322,0.7066666483879089,2.208406082789103,0.56
0.9103720267613729,0.6333333253860474,2.133139293988546,0.56
1.0838731447855632,0.5933333039283752,2.0461777861913046,0.56
1.1943181864420573,0.6066666841506958,1.943796485265096,0.56
