val_loss,val_accuracy,loss,accuracy
1.3984266519546509,0.5400000214576721,0.41064485907554626,0.82
0.5971410870552063,0.7733333110809326,1.1260838508605957,0.64
0.5955771803855896,0.7133333086967468,0.5002943277359009,0.82666665
0.8691974878311157,0.653333306312561,0.49275532364845276,0.7866667
0.49850204586982727,0.7599999904632568,0.679059624671936,0.76666665
