val_loss,val_accuracy,loss,accuracy
1.0206265449523926,0.4866666793823242,1.990959882736206,0.40666667
1.1550449132919312,0.47333332896232605,1.4258601665496826,0.34
1.0221970081329346,0.4533333480358124,1.1993920803070068,0.42
1.033097267150879,0.4866666793823242,1.1316851377487183,0.38
0.9711320996284485,0.5866666436195374,1.085493564605713,0.44666666
