val_loss,val_accuracy,loss,accuracy
0.6249235427379608,0.8133333325386047,2.487373693784078,0.5
0.6653521470228831,0.7266666889190674,2.4078937721252442,0.50666666
0.8093298681577047,0.6066666841506958,2.317402828534444,0.50666666
1.0557940419514973,0.5666666626930237,2.188981736501058,0.50666666
1.3607592741648356,0.5400000214576721,1.9491684595743815,0.50666666
