val_loss,val_accuracy,loss,accuracy
0.6275798738002777,0.8199999928474426,1.60364514986674,0.5
0.648097687959671,0.7200000286102295,1.5600811703999837,0.48666668
0.6519656785329183,0.7133333086967468,1.5319173669815063,0.50666666
0.6613118487596512,0.7066666483879089,1.513417895634969,0.5
0.6539738384882609,0.699999988079071,1.4898791686693826,0.49333334
