val_loss,val_accuracy,loss,accuracy
0.6455931415160497,0.7666666507720947,0.6626199417644076,0.8055556
0.6508203574021657,0.746666669845581,0.6529489305284288,0.7888889
0.6368366722265879,0.7599999904632568,0.642295155260298,0.8
0.6233871374527613,0.7799999713897705,0.6403764281007979,0.7888889
0.6317305054267247,0.7799999713897705,0.634817690981759,0.81666666
