val_loss,val_accuracy,loss,accuracy
0.6229348754882813,0.7933333516120911,0.5945725460847219,0.8
0.6229375241200129,0.800000011920929,0.5847522328297298,0.81666666
0.6404769599437714,0.7799999713897705,0.5820539772510529,0.81666666
0.6246318207184474,0.7933333516120911,0.583277718226115,0.8
0.6253016972541809,0.8066666722297668,0.572452849149704,0.81666666
