val_loss,val_accuracy,loss,accuracy
0.6358153649171193,0.8199999928474426,1.7509273858865102,0.44666666
0.6622355703512828,0.8066666722297668,1.6952509355545045,0.47333333
0.694086963335673,0.7733333110809326,1.675780202547709,0.47333333
0.7286593584219615,0.7333333492279053,1.6342284282048543,0.5
0.7534430503845215,0.699999988079071,1.6023057460784913,0.52666664
