val_loss,val_accuracy,loss,accuracy
1.1137720346450806,0.41999998688697815,1.9192661046981812,0.44
1.1850982904434204,0.4466666579246521,1.5134148597717285,0.35333332
1.0869511365890503,0.4266666769981384,1.1827014684677124,0.45333335
1.0575679540634155,0.47999998927116394,1.137374758720398,0.38666666
1.001356840133667,0.5400000214576721,1.1086560487747192,0.47333333
