val_loss,val_accuracy,loss,accuracy
0.6284986315170924,0.7733333110809326,0.6706505624453226,0.7733333
0.6247298043966293,0.7866666913032532,0.6573259818553925,0.7866667
0.6257899278402328,0.7866666913032532,0.6569287387530008,0.7866667
0.6298417923847834,0.7733333110809326,0.6473819235960643,0.8
0.663396267692248,0.7666666507720947,0.6377382520834605,0.82
