val_loss,val_accuracy,loss,accuracy
0.6244537361462911,0.7866666913032532,0.6727632292111715,0.76666665
0.6240143607060115,0.7866666913032532,0.6635067788759867,0.7733333
0.6273140376806259,0.7866666913032532,0.6533161896467209,0.78
0.627063536643982,0.800000011920929,0.6439965728918712,0.81333333
0.6231116992235184,0.7799999713897705,0.6414271942774454,0.8066667
