val_loss,val_accuracy,loss,accuracy
1.0206266641616821,0.4866666793823242,1.990959882736206,0.40666667
1.1550449132919312,0.47333332896232605,1.4258604049682617,0.34
1.022196888923645,0.4533333480358124,1.1993921995162964,0.42
1.033097267150879,0.4866666793823242,1.1316851377487183,0.38
0.9711318016052246,0.5866666436195374,1.0854936838150024,0.44666666
