val_loss,val_accuracy,loss,accuracy
0.6402717032035192,0.7733333110809326,0.7087512493133545,0.775
0.6500707334280014,0.7666666507720947,0.6926534215609232,0.8
0.6221979868412018,0.7799999713897705,0.6859569629033406,0.76666665
0.621397679845492,0.8066666722297668,0.692369693517685,0.78333336
0.6274821507930756,0.7733333110809326,0.6798259735107421,0.78333336
