val_loss,val_accuracy,loss,accuracy
0.626778516570727,0.7866666913032532,0.6694994513193766,0.7866667
0.6206012354294459,0.8133333325386047,0.6573511405785879,0.78
0.6269569865862529,0.753333330154419,0.6510213247934977,0.81333333
0.6373767373959224,0.7666666507720947,0.6507209058602651,0.8
0.6365914565324783,0.7599999904632568,0.638023202419281,0.82
