val_loss,val_accuracy,loss,accuracy
1.393683671951294,0.5533333420753479,0.4298194348812103,0.81666666
0.609624445438385,0.746666669845581,1.1767300367355347,0.6333333
0.5274156928062439,0.746666669845581,0.5325847864151001,0.825
0.513031542301178,0.7400000095367432,0.4123428165912628,0.84166664
0.8462663888931274,0.6200000047683716,0.39950811862945557,0.8333333
