val_loss,val_accuracy,loss,accuracy
0.6344397666056951,0.7599999904632568,0.6891034444173177,0.775
0.6365134233236313,0.7666666507720947,0.677029554049174,0.775
0.6304162635405859,0.7866666913032532,0.6734545846780141,0.775
0.6280251199007034,0.7866666913032532,0.6698423604170481,0.775
0.6387785897652308,0.7866666913032532,0.6654541969299317,0.775
