val_loss,val_accuracy,loss,accuracy
0.6774438079198202,0.746666669845581,1.6555376116434732,0.48666668
0.6954490582148234,0.7333333492279053,1.624864563147227,0.49333334
0.6890054098765055,0.7333333492279053,1.5946002117792766,0.52
0.6889108498891194,0.7266666889190674,1.5754357528686525,0.52666664
0.6887771105766296,0.7266666889190674,1.5391767565409342,0.52666664
