val_loss,val_accuracy,loss,accuracy
0.8875512480735779,0.40666666626930237,2.3486404418945312,0.38
1.3092639446258545,0.31333333253860474,1.6191483736038208,0.37333333
1.0803309679031372,0.36000001430511475,1.215903878211975,0.38
1.044907569885254,0.4533333480358124,1.096431851387024,0.42
1.0021049976348877,0.36000001430511475,1.0725398063659668,0.44
