val_loss,val_accuracy,loss,accuracy
0.6281944058338801,0.7933333516120911,0.5936945577462515,0.8
0.6417289827267328,0.753333330154419,0.587397030989329,0.81666666
0.6422831636667251,0.8066666722297668,0.5882931232452393,0.78333336
0.6312313922246298,0.7933333516120911,0.5671030918757121,0.825
0.6331544317801794,0.800000011920929,0.5740643620491028,0.80833334
