val_loss,val_accuracy,loss,accuracy
0.6415977638959884,0.7866666913032532,1.6280063390731812,0.2
0.6395032693942387,0.8066666722297668,1.6030895074208578,0.22666667
0.6578795850276947,0.7733333110809326,1.5758601744969687,0.24666667
0.6601776695251464,0.7799999713897705,1.5178394118944805,0.28
0.6919662082195281,0.6933333277702332,1.4952367003758749,0.25333333
