val_loss,val_accuracy,loss,accuracy
0.6676462304592132,0.7599999904632568,1.739546308517456,0.45333335
0.6816713146368663,0.7866666913032532,1.7031803623835247,0.48
0.7258556540807088,0.7266666889190674,1.6646343994140624,0.5
0.7449970718224843,0.7333333492279053,1.6232471283276875,0.5
0.7520739944775899,0.6866666674613953,1.6013465134302776,0.48
