val_loss,val_accuracy,loss,accuracy
0.6319602372248968,0.7799999713897705,0.6666415206591289,0.7733333
0.6422123575210571,0.7733333110809326,0.6566300710042318,0.8
0.6345476613442103,0.7666666507720947,0.6542993911107381,0.7866667
0.6253524309396744,0.7799999713897705,0.6463110589981079,0.8
0.6184016450246175,0.8133333325386047,0.6375601273775101,0.8066667
