val_loss,val_accuracy,loss,accuracy
0.7210895419120789,0.6800000071525574,2.2675871499379476,0.5466667
0.9921484724680583,0.6066666841506958,2.157283315658569,0.56
1.329632921218872,0.6000000238418579,1.9352175251642862,0.56
1.3337768697738648,0.5799999833106995,1.7308658727010091,0.58666664
1.4391579119364422,0.5733333230018616,1.714044179916382,0.5733333
