val_loss,val_accuracy,loss,accuracy
1.4971400499343872,0.5533333420753479,0.4039958119392395,0.8277778
0.6371473073959351,0.7599999904632568,1.3031580448150635,0.6166667
0.5966144800186157,0.6933333277702332,0.5359082221984863,0.82222223
0.8099365830421448,0.6399999856948853,0.48406362533569336,0.7777778
0.5198211669921875,0.746666669845581,0.6450531482696533,0.75
