val_loss,val_accuracy,loss,accuracy
0.6534519759813945,0.746666669845581,1.6670877528190613,0.52
0.6911992828051249,0.7200000286102295,1.6321632822354635,0.49333334
0.671305685043335,0.7599999904632568,1.6011492649714152,0.52
0.665897540251414,0.7599999904632568,1.5761154508590698,0.53333336
0.6938635500272116,0.7266666889190674,1.5482449150085449,0.52
