val_loss,val_accuracy,loss,accuracy
0.7691281326611836,0.6800000071525574,2.4211518573760986,0.52
1.2294638999303182,0.6333333253860474,2.0836567719777426,0.52
1.314899622599284,0.6133333444595337,1.5208018652598063,0.49333334
1.390963306427002,0.6066666841506958,1.376629159450531,0.5133333
1.3899717585245768,0.6000000238418579,1.3544856071472169,0.5466667
