val_loss,val_accuracy,loss,accuracy
0.6596739319960276,0.7266666889190674,2.265113320350647,0.56
0.9276340627670288,0.653333306312561,2.1618117396036785,0.56
1.2491921472549439,0.6266666650772095,1.8698196522394817,0.54
1.3004745451609294,0.6200000047683716,1.6328543889522553,0.52666664
1.2960433928171793,0.6200000047683716,1.5817546081542968,0.52
