val_loss,val_accuracy,loss,accuracy
0.6442097171147665,0.7866666913032532,1.755337028503418,0.42666668
0.664381365776062,0.7933333516120911,1.70526087919871,0.45333335
0.6702794682979584,0.7733333110809326,1.6739268747965494,0.46
0.6818061435222625,0.7799999713897705,1.635444917678833,0.49333334
0.6797920274734497,0.7799999713897705,1.6097654914855957,0.48
