val_loss,val_accuracy,loss,accuracy
0.6631457781791688,0.7599999904632568,1.6674145380655925,0.46666667
0.6577054246266683,0.7733333110809326,1.6268338394165038,0.5
0.6706905849774678,0.7666666507720947,1.611597334543864,0.49333334
0.691545704205831,0.7733333110809326,1.5823897830645244,0.50666666
0.6969298100471497,0.7599999904632568,1.5566086483001709,0.5
