val_loss,val_accuracy,loss,accuracy
0.633702381849289,0.7666666507720947,1.6091906499862672,0.48
0.6388617932796479,0.746666669845581,1.5602493445078531,0.5133333
0.6323535958925883,0.7599999904632568,1.5357813326517742,0.48666668
0.6314966905117035,0.7599999904632568,1.5129217942555746,0.5133333
0.6462455842892328,0.7400000095367432,1.4864665746688843,0.50666666
