val_loss,val_accuracy,loss,accuracy
0.6277890322605769,0.800000011920929,0.6744531997044881,0.7733333
0.6333327807982763,0.7599999904632568,0.6546999406814575,0.7866667
0.6456785370906194,0.7733333110809326,0.6492387088139852,0.8
0.637265089948972,0.7799999713897705,0.6435397644837697,0.81333333
0.6458038185040156,0.7599999904632568,0.6445091434319814,0.82
